"","TARGET_FLAG","TARGET_AMT_FINAL"
"1",0,21.2913333333333
"2",0,31.7766666666667
"3",0,31.554
"4",0,103.872666666667
"5",0,101.885333333333
"6",0,88.624
"7",0,31.2013333333333
"8",0,26.9293333333333
"9",0,105.734
"10",0,44.114
"11",0,25.2393333333333
"12",0,32.384
"13",0,59.5026666666667
"14",0,43.3813333333333
"15",0,43.724
"16",0,59.528
"17",0,130.274666666667
"18",0,77.532
"19",0,113.796
"20",0,31.534
"21",0,70.3553333333333
"22",0,72.4093333333333
"23",0,67.0486666666667
"24",0,28.1753333333333
"25",0,51.212
"26",0,38.8633333333333
"27",0,58.67
"28",0,36.6446666666667
"29",0,47.3853333333333
"30",0,121.919333333333
"31",0,117.922
"32",0,45.7546666666667
"33",0,70.1546666666667
"34",0,72.254
"35",0,39.3273333333333
"36",0,46.4833333333333
"37",0,58.822
"38",0,81.698
"39",0,60.7913333333333
"40",0,49.83
"41",0,107.830666666667
"42",0,71.9826666666667
"43",0,62.2133333333333
"44",0,82.646
"45",0,66.1666666666667
"46",0,92.1153333333333
"47",0,58.9433333333333
"48",0,75.7433333333333
"49",0,83.3846666666667
"50",0,77.262
"51",0,103.131333333333
"52",0,125.465333333333
"53",0,92.0373333333333
"54",0,56.098
"55",0,96.198
"56",0,81.0033333333333
"57",0,62.7646666666667
"58",0,78.6066666666667
"59",0,111.686666666667
"60",0,74.448
"61",0,78.082
"62",0,93.5113333333333
"63",0,100.745333333333
"64",0,76.26
"65",0,78.8353333333333
"66",0,101.848666666667
"67",0,104.024666666667
"68",0,124.14
"69",0,90.4286666666666
"70",0,74.1406666666667
"71",0,101.66
"72",0,88.3553333333333
"73",0,122.081333333333
"74",0,103.514
"75",0,172.670666666667
"76",0,180.057333333333
"77",0,92.674
"78",0,95.33
"79",0,112.560666666667
"80",0,149.870666666667
"81",0,85.5273333333333
"82",0,88.8553333333333
"83",0,96.0326666666667
"84",0,128.559333333333
"85",0,106.464
"86",0,125.083333333333
"87",0,105.910666666667
"88",0,132.898
"89",0,129.614666666667
"90",0,107.036666666667
"91",0,128.148666666667
"92",0,100.848
"93",0,112.459333333333
"94",0,114.461333333333
"95",0,138.582
"96",0,114.973333333333
"97",0,94.272
"98",0,144.761333333333
"99",0,128.296
"100",0,117.784
"101",0,139.652666666667
"102",0,140.074
"103",0,109.408666666667
"104",0,121.283333333333
"105",0,115.172666666667
"106",0,125.150666666667
"107",0,105.252
"108",0,169.264
"109",0,100.914
"110",0,149.808
"111",0,149.795333333333
"112",0,248.474
"113",0,125.116
"114",0,138.428
"115",0,108.448
"116",0,119.87
"117",0,132.334
"118",0,132.039333333333
"119",0,117.372666666667
"120",0,124.415333333333
"121",0,145.535333333333
"122",0,121.101333333333
"123",0,124.799333333333
"124",0,135.841333333333
"125",0,131.272666666667
"126",0,130.917333333333
"127",0,187.41
"128",0,165.193333333333
"129",0,169.506666666667
"130",0,149.632
"131",0,172.723333333333
"132",0,158.561333333333
"133",0,144.411333333333
"134",0,148.492
"135",0,181.989333333333
"136",0,127.656
"137",0,174.872
"138",0,136.759333333333
"139",0,164.965333333333
"140",0,161.982666666667
"141",0,151.884
"142",0,138.740666666667
"143",0,141.364
"144",0,158.426666666667
"145",0,139.749333333333
"146",0,233.694
"147",0,143.523333333333
"148",0,165.796
"149",0,177.116
"150",0,170.35
"151",0,270.861333333333
"152",0,166.046
"153",0,154.008
"154",0,150.427333333333
"155",0,158.057333333333
"156",0,178.695333333333
"157",0,175.703333333333
"158",0,202.056666666667
"159",0,159.719333333333
"160",0,160.567333333333
"161",0,201.69
"162",0,175.356666666667
"163",0,153.384
"164",0,179.200666666667
"165",0,211.850666666667
"166",0,167.014
"167",0,162.695333333333
"168",0,168.292666666667
"169",0,196.554666666667
"170",0,174.902
"171",0,159.036666666667
"172",0,194.703333333333
"173",0,187.258
"174",0,175.320666666667
"175",0,179.470666666667
"176",0,162.240666666667
"177",0,248.596666666667
"178",0,228.781333333333
"179",0,275.946
"180",0,298.539333333333
"181",0,222.874666666667
"182",0,321.219333333333
"183",0,190.751333333333
"184",0,193.776666666667
"185",0,254.452
"186",0,185.256666666667
"187",0,193.811333333333
"188",0,234.075333333333
"189",0,183.305333333333
"190",0,185.214
"191",0,214.068
"192",0,218.667333333333
"193",0,187.594666666667
"194",0,170.577333333333
"195",0,201.770666666667
"196",0,201.436666666667
"197",0,201.526666666667
"198",0,196.369333333333
"199",0,199.816666666667
"200",0,224.54
"201",0,236.766666666667
"202",0,235.605333333333
"203",0,186.212666666667
"204",0,189.2
"205",0,199.588666666667
"206",0,193.279333333333
"207",0,220.560666666667
"208",0,212.030666666667
"209",0,207.851333333333
"210",0,193.606
"211",0,250.984
"212",0,229.682
"213",0,215.862
"214",0,222.808666666667
"215",0,295.338
"216",0,231.090666666667
"217",0,215.510666666667
"218",0,304.353333333333
"219",0,224.813333333333
"220",0,230.261333333333
"221",0,211.27
"222",0,221.424
"223",0,220.998
"224",0,287.531333333333
"225",0,250.352666666667
"226",0,294.755333333333
"227",0,220.673333333333
"228",0,221.651333333333
"229",0,232.565333333333
"230",0,224.901333333333
"231",0,289.263333333333
"232",0,214.064666666667
"233",0,247.957333333333
"234",0,223.453333333333
"235",0,265.355333333333
"236",0,223.323333333333
"237",0,231.407333333333
"238",0,234.05
"239",0,277.171333333333
"240",0,299.484
"241",0,227.73
"242",0,207.352666666667
"243",0,246.970666666667
"244",0,240.034666666667
"245",0,238.783333333333
"246",0,263.622666666667
"247",0,229.554666666667
"248",0,251.728666666667
"249",0,299.712
"250",0,242.05
"251",0,237.202
"252",0,256.447333333333
"253",0,238.334666666667
"254",0,238.671333333333
"255",0,266.72
"256",0,252.777333333333
"257",0,261.904
"258",0,328.03
"259",0,278.092
"260",0,240.934666666667
"261",0,255.104666666667
"262",0,282.835333333333
"263",0,278.078
"264",0,256.353333333333
"265",0,264.800666666667
"266",0,258.186
"267",0,277.118666666667
"268",0,254.796
"269",0,258.814
"270",0,299.414
"271",0,281.350666666667
"272",0,271.325333333333
"273",0,303.737333333333
"274",0,316.946
"275",0,270.312
"276",0,290.108
"277",0,279.698666666667
"278",0,267.737333333333
"279",0,292.239333333333
"280",0,281.977333333333
"281",0,271.636
"282",0,295.563333333333
"283",0,306.874666666667
"284",0,281.59
"285",0,308.02
"286",0,313.306
"287",0,386.264666666667
"288",0,302.864666666667
"289",0,293.742
"290",0,291.501333333333
"291",0,333.151333333333
"292",0,313.932
"293",0,290.818666666667
"294",0,306.474666666667
"295",0,277.97
"296",0,293.698666666667
"297",0,306.837333333333
"298",0,323.664666666667
"299",0,300.490666666667
"300",0,334.189333333333
"301",0,307.516
"302",0,297.833333333333
"303",0,338.284
"304",0,322.152666666667
"305",0,326.432666666667
"306",0,305.099333333333
"307",0,295.189333333333
"308",0,338.248666666667
"309",0,335.09
"310",0,293.731333333333
"311",0,310.758666666667
"312",0,327.672
"313",0,339.832
"314",0,318.352
"315",0,341.296666666667
"316",0,322.152
"317",0,348.088
"318",0,343.602
"319",0,321.328666666667
"320",0,329.077333333333
"321",0,322.098
"322",0,330.301333333333
"323",0,333.324666666667
"324",0,298.3
"325",0,331.643333333333
"326",0,382.596666666667
"327",0,343.858666666667
"328",0,490.127333333333
"329",0,330.123333333333
"330",0,401.848666666667
"331",0,331.019333333333
"332",0,345.56
"333",0,374.335333333333
"334",0,316.926
"335",0,354.091333333333
"336",0,365.599333333333
"337",0,315.855333333333
"338",0,341.653333333333
"339",0,350.500666666667
"340",0,349.97
"341",0,336.262
"342",0,385.838
"343",0,322.914666666667
"344",0,366.068
"345",0,370.886666666667
"346",0,351.930666666667
"347",0,346.698
"348",0,381.5
"349",0,373.516666666667
"350",0,346.074666666667
"351",0,375.842
"352",0,357.778666666667
"353",0,387.926
"354",0,392.618666666667
"355",0,378.078
"356",0,353.130666666667
"357",0,355.694666666667
"358",0,373.181333333333
"359",0,443.994666666667
"360",0,366.478666666667
"361",0,389.205333333333
"362",0,368.720666666667
"363",0,367.990666666667
"364",0,361.421333333333
"365",0,383.361333333333
"366",0,377.134
"367",0,349.333333333333
"368",0,382.778666666667
"369",0,384.153333333333
"370",0,416.868666666667
"371",0,373.134666666667
"372",0,369.046
"373",0,347.078666666667
"374",0,375.574666666667
"375",0,362.990666666667
"376",0,370.15
"377",0,375.534666666667
"378",0,375.399333333333
"379",0,364.014
"380",0,378.604
"381",0,369.892666666667
"382",0,377.602
"383",0,386.14
"384",0,387.966
"385",0,381.395333333333
"386",0,391.984666666667
"387",0,383.577333333333
"388",0,395.881333333333
"389",0,382.732
"390",0,403.402666666667
"391",0,393.034666666667
"392",0,395.283333333333
"393",0,377.967333333333
"394",0,374.260666666667
"395",0,400.221333333333
"396",0,391.286
"397",0,375.848
"398",0,406.534
"399",0,413.61
"400",0,404.310666666667
"401",0,399.236
"402",0,413.989333333333
"403",0,436.776666666667
"404",0,437.688666666667
"405",0,393.447333333333
"406",0,416.473333333333
"407",0,385.031333333333
"408",0,407.924666666667
"409",0,443.556
"410",0,396.814666666667
"411",0,414.809333333333
"412",0,404.872666666667
"413",0,427.98
"414",0,381.776666666667
"415",0,408.241333333333
"416",0,411.492666666667
"417",0,384.92
"418",0,447.688666666667
"419",0,419.908666666667
"420",0,430.879333333333
"421",0,429.9
"422",0,412.042666666667
"423",0,432.778666666667
"424",0,427.487333333333
"425",0,449.123333333333
"426",0,419.322
"427",0,420.306
"428",0,427.986666666667
"429",0,413.16
"430",0,426.689333333333
"431",0,425.444666666667
"432",0,445.271333333333
"433",0,492.861333333333
"434",0,420.852666666667
"435",0,434.311333333333
"436",0,407.451333333333
"437",0,443.461333333333
"438",0,424.599333333333
"439",0,434.339333333333
"440",0,418.462666666667
"441",0,435.6
"442",0,449.426666666667
"443",0,445.184666666667
"444",0,436.890666666667
"445",0,418.015333333333
"446",0,475.627333333333
"447",0,475.298
"448",0,444.892666666667
"449",0,431.128
"450",0,452.786
"451",0,439.836
"452",0,449.08
"453",0,436.765333333333
"454",0,454.663333333333
"455",0,441.020666666667
"456",0,438.845333333333
"457",0,476.392
"458",0,438.35
"459",0,482.646666666667
"460",0,454.367333333333
"461",0,465.720666666667
"462",0,450.475333333333
"463",0,491.016
"464",0,444.784
"465",0,462.784
"466",0,460.783333333333
"467",0,463.562
"468",0,472.948666666667
"469",0,487.102
"470",0,467.201333333333
"471",0,464.231333333333
"472",0,495.787333333333
"473",0,496.832
"474",0,513.940666666667
"475",0,472.636666666667
"476",0,465.33
"477",0,471.613333333333
"478",0,484.219333333333
"479",0,465.679333333333
"480",0,521.156
"481",0,453.7
"482",0,532.978
"483",0,538.734
"484",0,495.166
"485",0,459.044
"486",0,477.795333333333
"487",0,481.260666666667
"488",0,536.316666666667
"489",0,512.652666666667
"490",0,490.499333333333
"491",0,484.281333333333
"492",0,482.644666666667
"493",0,461.387333333333
"494",0,513.173333333333
"495",0,511.550666666667
"496",0,537.944666666667
"497",0,462.069333333333
"498",0,486.742
"499",0,521.804666666667
"500",0,506.38
"501",0,501.462
"502",0,486.212
"503",0,513.648
"504",0,495.092666666667
"505",0,487.664
"506",0,507.933333333333
"507",0,483.294
"508",0,498.458666666667
"509",0,513.544
"510",0,493.08
"511",0,527.024
"512",0,515.654
"513",0,522.190666666667
"514",0,514.112666666667
"515",0,520.667333333333
"516",0,519.904666666667
"517",0,506.512666666667
"518",0,511.036
"519",0,513.558
"520",0,509.566
"521",0,517.359333333333
"522",0,548.301333333333
"523",0,557.040666666667
"524",0,526.062666666667
"525",0,532.645333333333
"526",0,531.702
"527",0,549.310666666667
"528",0,491.279333333333
"529",0,519.297333333333
"530",0,510.073333333333
"531",0,535.588
"532",0,512.873333333333
"533",0,513.437333333333
"534",0,572.583333333333
"535",0,534.616
"536",0,551.982666666667
"537",0,537.102
"538",0,533.346666666667
"539",0,548.894
"540",0,564.954
"541",0,580.084666666667
"542",0,541.891333333333
"543",0,520.358
"544",0,534.298666666667
"545",0,599.84
"546",0,542.834666666667
"547",0,543.286
"548",0,539.012666666667
"549",0,541.822666666667
"550",0,547.444666666667
"551",0,557.217333333333
"552",0,543.042666666667
"553",0,555.650666666667
"554",0,582.941333333333
"555",0,535.188666666667
"556",0,552.515333333333
"557",0,561.476
"558",0,564.114666666667
"559",0,526.027333333333
"560",0,581.475333333333
"561",0,551.906
"562",0,567.010666666667
"563",0,556.261333333333
"564",0,565.008
"565",0,605.314666666667
"566",0,568.796666666667
"567",0,569.942666666667
"568",0,552.729333333333
"569",0,603.568666666667
"570",0,595.934
"571",0,575.068666666667
"572",0,581.39
"573",0,551.656
"574",0,571.288
"575",0,543.636
"576",0,581.460666666667
"577",0,594.417333333333
"578",0,579.756666666667
"579",0,587.058
"580",0,591.740666666667
"581",0,579.780666666667
"582",0,578.854666666667
"583",0,594.494666666667
"584",0,600.18
"585",0,586.976
"586",0,599.534666666667
"587",0,711.850666666667
"588",0,594.024
"589",0,584.936666666667
"590",0,587.872
"591",0,572.324
"592",0,599.700666666667
"593",0,602.128666666667
"594",0,605.036666666667
"595",0,598.716666666667
"596",0,601.166666666667
"597",0,656.294666666667
"598",0,607.208
"599",0,602.048
"600",0,597.491333333333
"601",0,632.848666666667
"602",0,597.272
"603",0,589.619333333333
"604",0,628.840666666667
"605",0,639.480666666667
"606",0,603.212
"607",0,635.297333333333
"608",0,623.816666666667
"609",0,626.309333333333
"610",0,645.850666666667
"611",0,599.852666666667
"612",0,622.514666666667
"613",0,606.099333333333
"614",0,626.251333333333
"615",0,622.338666666667
"616",0,614.852666666667
"617",0,647.338666666667
"618",0,600.059333333333
"619",0,616.189333333333
"620",0,661.708666666667
"621",0,609.902666666667
"622",0,584.982
"623",0,631.838666666667
"624",0,617.392
"625",0,615.195333333333
"626",0,625.235333333333
"627",0,639.091333333333
"628",0,655.898
"629",0,638.946666666667
"630",0,644.036
"631",0,674.378
"632",0,634.386666666667
"633",0,643.162666666667
"634",0,634.708666666667
"635",0,615.61
"636",0,633.234
"637",0,649.936666666667
"638",0,616.712
"639",0,652.12
"640",0,645.058
"641",0,629.225333333333
"642",0,644.401333333333
"643",0,657.037333333333
"644",0,661.474
"645",0,677.149333333333
"646",0,655.053333333333
"647",0,648.227333333333
"648",0,637.105333333333
"649",0,635.931333333333
"650",0,654.392
"651",0,644.057333333333
"652",0,626.012666666667
"653",0,646.775333333333
"654",0,651.219333333333
"655",0,656.169333333333
"656",0,674.268
"657",0,670.562666666667
"658",0,650.85
"659",0,658.945333333333
"660",0,669.121333333333
"661",0,655.438
"662",0,669.069333333333
"663",0,654.016666666667
"664",0,665.352666666667
"665",0,656.882666666667
"666",0,679.119333333333
"667",0,664.637333333333
"668",0,691.164666666667
"669",0,671.458666666667
"670",0,734.528
"671",0,670.560666666667
"672",0,676.047333333333
"673",0,666.254
"674",0,673.437333333333
"675",0,681.663333333333
"676",0,663.422
"677",0,684.1
"678",0,682.589333333333
"679",0,690.533333333333
"680",0,755.179333333333
"681",0,620.037333333333
"682",0,668.659333333333
"683",0,682.822666666667
"684",0,670.431333333333
"685",0,688.656666666667
"686",0,680.036
"687",0,700.904666666667
"688",0,696.158666666667
"689",0,703.120666666667
"690",0,679.816666666667
"691",0,702.782666666667
"692",0,687.746
"693",0,689.084
"694",0,724.524666666667
"695",0,686.584
"696",0,700.049333333333
"697",0,693.180666666667
"698",0,682.424
"699",0,706.441333333333
"700",0,689.571333333333
"701",0,692.41
"702",0,681.066666666667
"703",0,720.554666666667
"704",0,705.768
"705",0,717.606
"706",0,690.76
"707",0,726.258
"708",0,691.355333333333
"709",0,698.653333333333
"710",0,702.482666666667
"711",0,697.392666666667
"712",0,730.417333333333
"713",0,706.361333333333
"714",0,716.322666666667
"715",0,690.552666666667
"716",0,717.978666666667
"717",0,705.36
"718",0,747.615333333333
"719",0,728.323333333333
"720",0,712.77
"721",0,718.344
"722",0,728.519333333334
"723",0,717.008666666666
"724",0,730.324
"725",0,711.775333333333
"726",0,717.964
"727",0,718.764666666666
"728",0,732.474
"729",0,726.619333333333
"730",0,737.750666666667
"731",0,742.994666666667
"732",0,740.982
"733",0,726.128
"734",0,716.032
"735",0,702.791333333333
"736",0,746.365333333333
"737",0,750.982
"738",0,735.076
"739",0,759.648
"740",0,729.936666666667
"741",0,747.114
"742",0,753.809333333333
"743",0,740.330666666667
"744",0,724.013333333333
"745",0,730.812666666667
"746",0,706.21
"747",0,753.342666666667
"748",0,744.110666666667
"749",0,761.365333333333
"750",0,757.424
"751",0,728.907333333333
"752",0,765.59
"753",0,766.118666666667
"754",0,759.630666666667
"755",0,744.466666666667
"756",0,755.474
"757",0,774.359333333333
"758",0,750.85
"759",0,754.298
"760",0,770.504
"761",0,780.215333333333
"762",0,776.15
"763",0,775.242666666667
"764",0,756.650666666667
"765",0,780.021333333333
"766",0,763.902666666667
"767",0,776.559333333333
"768",0,761.776
"769",0,769.392666666667
"770",0,765.624
"771",0,771.036666666667
"772",0,767.165333333333
"773",0,788.689333333333
"774",0,771.196
"775",0,768.987333333333
"776",0,789.37
"777",0,775.045333333333
"778",0,781.652
"779",0,772.209333333333
"780",0,783.946
"781",0,787.276
"782",0,795.256
"783",0,768.48
"784",0,775.072666666667
"785",0,786.943333333333
"786",0,782.964666666667
"787",0,784.882666666667
"788",0,790.646
"789",0,765.562
"790",0,810.417333333333
"791",0,791.578
"792",0,772.382666666667
"793",0,812.319333333333
"794",0,820.104
"795",0,794.468666666667
"796",0,795.364
"797",0,794.317333333333
"798",0,797.228
"799",0,789.162
"800",0,804.513333333333
"801",0,807.832666666667
"802",0,784.896666666667
"803",0,824.027333333333
"804",0,798.542
"805",0,806.218
"806",0,804.331333333333
"807",0,796.085333333333
"808",0,807.814666666667
"809",0,812.048666666667
"810",0,811.922
"811",0,815.124666666667
"812",0,886.148666666667
"813",0,828.796666666667
"814",0,795.966666666667
"815",0,833.932
"816",0,813.485333333333
"817",0,811.526666666667
"818",0,815.372
"819",0,820.782
"820",0,774.522
"821",0,818.924666666667
"822",0,848.600666666667
"823",0,822.691333333333
"824",0,800.847333333333
"825",0,810.198
"826",0,821.179333333333
"827",0,810.600666666667
"828",0,839.622
"829",0,831.284666666667
"830",0,808.926
"831",0,838.452666666667
"832",0,805.882666666667
"833",0,843.382
"834",0,849.335333333333
"835",0,826.07
"836",0,832.792666666667
"837",0,862.389333333333
"838",0,844.403333333333
"839",0,912.218666666667
"840",0,824.448
"841",0,846.219333333333
"842",0,849.237333333333
"843",0,849.639333333334
"844",0,851.202666666667
"845",0,833.978666666667
"846",0,852.749333333334
"847",0,843.738666666667
"848",0,863.55
"849",0,810.257333333333
"850",0,841.946666666667
"851",0,853.468
"852",0,852.205333333333
"853",0,858.233333333333
"854",0,872.926666666667
"855",0,851.477333333333
"856",0,863.790666666667
"857",0,866.245333333333
"858",0,873.113333333333
"859",0,889.120666666666
"860",0,880.665333333333
"861",0,876.828666666667
"862",0,886.544666666667
"863",0,827.642666666667
"864",0,808.308
"865",0,858.779333333333
"866",0,833.939333333333
"867",0,831.433333333333
"868",0,871.82
"869",0,865.754666666667
"870",0,882.728
"871",0,861.007333333333
"872",0,869.32
"873",0,843.018
"874",0,856.026
"875",0,876.124666666667
"876",0,864.385333333333
"877",0,875.391333333333
"878",0,876.436666666667
"879",0,886.248
"880",0,886.928
"881",0,890.538
"882",0,872.792666666667
"883",0,843.38
"884",0,834.789333333333
"885",0,881.854
"886",0,883.042666666667
"887",0,858.492666666667
"888",0,873.405333333333
"889",0,889.88
"890",0,883.536
"891",0,854.036
"892",0,874.42
"893",0,887.296
"894",0,889.203333333333
"895",0,888.746666666667
"896",0,886.910666666667
"897",0,890.647333333333
"898",0,864.218
"899",0,901.794666666667
"900",0,903.622666666667
"901",0,897.561333333333
"902",0,898.986666666667
"903",0,892.024
"904",0,873.794
"905",0,905.877333333333
"906",0,943.223333333333
"907",0,906.739333333333
"908",0,950.721333333333
"909",0,874.627333333333
"910",0,877.858
"911",0,920.709333333333
"912",0,869.316666666667
"913",0,894.886
"914",0,913.804
"915",0,902.689333333333
"916",0,929.107333333333
"917",0,892.734
"918",0,918.974
"919",0,922.176
"920",0,923.304
"921",0,894.272666666667
"922",0,898.684666666667
"923",0,924.952
"924",0,910.228
"925",0,927.834666666667
"926",0,935.081333333333
"927",0,924.460666666667
"928",0,922.743333333333
"929",0,903.044666666666
"930",0,914.41
"931",0,922.123333333333
"932",0,935.628666666667
"933",0,948.557333333333
"934",0,925.542666666667
"935",0,920.093333333333
"936",0,934.331333333333
"937",0,929.014666666667
"938",0,923.439333333333
"939",0,917.774666666667
"940",0,950.972666666667
"941",0,925.264
"942",0,938.694666666667
"943",0,946.565333333333
"944",0,914.804
"945",0,928.898666666667
"946",0,929.794
"947",0,945.458666666667
"948",0,937.652666666667
"949",0,949.434666666667
"950",0,942.527333333334
"951",0,947.061333333333
"952",0,943.278666666667
"953",0,942.354666666667
"954",0,944.631333333333
"955",0,947.146
"956",0,977.136
"957",0,958.397333333333
"958",0,959.818
"959",0,916.604
"960",0,979.721333333333
"961",0,934.870666666667
"962",0,957.516
"963",0,977.992666666667
"964",0,910.332
"965",0,963.612666666667
"966",0,944.648666666667
"967",0,919.152
"968",0,911.922666666666
"969",0,960.358666666667
"970",0,985.792
"971",0,956.573333333333
"972",0,990.014666666666
"973",0,977.904666666667
"974",0,1002.08266666667
"975",0,972.768666666667
"976",0,969.761333333333
"977",0,963.45
"978",0,958.842
"979",0,975.843333333333
"980",0,958.938666666667
"981",0,991.047333333333
"982",0,970.644666666667
"983",0,965.615333333333
"984",0,981.127333333333
"985",0,978.790666666667
"986",0,967.462
"987",0,964.312666666667
"988",0,1003.982
"989",0,983.964666666666
"990",0,1033.86666666667
"991",0,970.003333333333
"992",0,989.567333333333
"993",0,952.652666666667
"994",0,975.568
"995",0,978.805333333333
"996",0,981.734666666667
"997",0,1000.67666666667
"998",0,983.949333333333
"999",0,993.298
"1000",0,1039.11666666667
"1001",0,960.619333333333
"1002",0,940.324666666667
"1003",0,990.574666666667
"1004",0,993.694
"1005",0,996.536666666667
"1006",0,973.792
"1007",0,961.426666666667
"1008",0,1002.96666666667
"1009",0,1007.57266666667
"1010",0,1030.77733333333
"1011",0,968.564666666667
"1012",0,992.034
"1013",0,1011.374
"1014",0,985.334
"1015",0,1009.36733333333
"1016",0,1012.446
"1017",0,1011.618
"1018",0,970.062666666667
"1019",0,1018.59933333333
"1020",0,970.690666666667
"1021",0,1020.358
"1022",0,1024.92533333333
"1023",0,998.302
"1024",0,1006.79
"1025",0,1038.98733333333
"1026",0,1009.34466666667
"1027",0,1019.64666666667
"1028",0,1007.22133333333
"1029",0,1039.38866666667
"1030",0,1030.75866666667
"1031",0,1027.91266666667
"1032",0,1029.732
"1033",0,1029.91866666667
"1034",0,1019.84266666667
"1035",0,1066.48266666667
"1036",0,991.248666666667
"1037",0,1015.51533333333
"1038",0,1030.99
"1039",0,999.438
"1040",0,1003.402
"1041",0,1021.662
"1042",0,1011.08133333333
"1043",0,1037.10933333333
"1044",0,985.293333333333
"1045",0,1034.63533333333
"1046",0,1014.53333333333
"1047",0,1017.29666666667
"1048",0,1042.96533333333
"1049",0,1027.73466666667
"1050",0,1054.14666666667
"1051",0,1050.64266666667
"1052",0,1066.70933333333
"1053",0,968.382
"1054",0,1050.808
"1055",0,1055.56866666667
"1056",0,1056.95066666667
"1057",0,1025.29
"1058",0,1057.32733333333
"1059",1,1072.34333333333
"1060",1,1075.12733333333
"1061",0,1061.07
"1062",0,1048.82466666667
"1063",0,1060.41466666667
"1064",0,1061.868
"1065",1,1074.58333333333
"1066",0,1056.15733333333
"1067",1,1078.56066666667
"1068",1,1076.71066666667
"1069",1,1086.12333333333
"1070",1,1075.10733333333
"1071",1,1107.11066666667
"1072",1,1102.40266666667
"1073",1,1078.82266666667
"1074",1,1085.02133333333
"1075",1,1085.084
"1076",1,1078.05066666667
"1077",1,1083.60866666667
"1078",1,1092.21466666667
"1079",1,1089.86266666667
"1080",0,1057.95933333333
"1081",1,1078.33
"1082",0,1060.874
"1083",0,1044.38066666667
"1084",1,1095.728
"1085",1,1102.90666666667
"1086",1,1125.74866666667
"1087",1,1099.37533333333
"1088",0,1057.49
"1089",0,1067.696
"1090",0,1058.94066666667
"1091",1,1081.928
"1092",1,1094.36666666667
"1093",1,1099.91333333333
"1094",1,1143.15133333333
"1095",1,1106.07266666667
"1096",1,1120.742
"1097",1,1092.428
"1098",1,1080.272
"1099",1,1114.64066666667
"1100",0,1069.528
"1101",1,1119.85533333333
"1102",1,1125.61333333333
"1103",1,1095.722
"1104",1,1105.30466666667
"1105",1,1127.95466666667
"1106",1,1129.238
"1107",1,1117.746
"1108",1,1114.84666666667
"1109",1,1091.654
"1110",1,1146.69066666667
"1111",1,1137.53
"1112",1,1107.646
"1113",1,1148.406
"1114",1,1121.47266666667
"1115",1,1138.38133333333
"1116",1,1185.40733333333
"1117",1,1117.31533333333
"1118",1,1116.56133333333
"1119",1,1131.40733333333
"1120",1,1155.90466666667
"1121",1,1124.99266666667
"1122",1,1135.55533333333
"1123",1,1119.14866666667
"1124",1,1146.016
"1125",1,1182.94133333333
"1126",1,1136.054
"1127",1,1141.66933333333
"1128",1,1137.96466666667
"1129",1,1158.64333333333
"1130",1,1130.66
"1131",1,1146.83533333333
"1132",1,1129.662
"1133",1,1138.946
"1134",1,1150.67
"1135",1,1207.998
"1136",1,1148.13133333333
"1137",1,1157.98533333333
"1138",1,1156.02266666667
"1139",1,1179.64
"1140",1,1155.39666666667
"1141",1,1148.154
"1142",1,1169.28466666667
"1143",1,1155.43533333333
"1144",1,1200.304
"1145",1,1172.51066666667
"1146",1,1205.00133333333
"1147",1,1177.67333333333
"1148",1,1142.73133333333
"1149",1,1180.678
"1150",1,1189.82533333333
"1151",1,1141.29333333333
"1152",1,1179.32266666667
"1153",1,1127.78733333333
"1154",1,1157.60933333333
"1155",1,1177.70933333333
"1156",1,1181.20333333333
"1157",1,1158.13733333333
"1158",1,1164.716
"1159",1,1180.24733333333
"1160",1,1173.55533333333
"1161",1,1166.32933333333
"1162",1,1162.428
"1163",1,1158.23066666667
"1164",1,1162.602
"1165",1,1169.18533333333
"1166",1,1151.96933333333
"1167",1,1179.05133333333
"1168",1,1185.61866666667
"1169",1,1164.72466666667
"1170",1,1164.77133333333
"1171",1,1188.82866666667
"1172",1,1200.31333333333
"1173",1,1213.11933333333
"1174",1,1178.39666666667
"1175",1,1151.68
"1176",1,1181.336
"1177",1,1201.664
"1178",1,1167.02666666667
"1179",1,1197.71266666667
"1180",1,1241.722
"1181",1,1192.512
"1182",1,1202.61733333333
"1183",1,1166.398
"1184",1,1192.256
"1185",1,1197.46933333333
"1186",1,1200.604
"1187",1,1188.022
"1188",1,1225.13
"1189",1,1138.952
"1190",1,1166.05933333333
"1191",1,1192.25133333333
"1192",1,1209.932
"1193",1,1204.67733333333
"1194",1,1174.11266666667
"1195",1,1220.77466666667
"1196",1,1204.41066666667
"1197",1,1199.07466666667
"1198",1,1186.92066666667
"1199",1,1237.66533333333
"1200",1,1227.06466666667
"1201",1,1243.138
"1202",1,1234.864
"1203",1,1210.126
"1204",1,1190.17933333333
"1205",1,1219.52666666667
"1206",1,1199.934
"1207",1,1240.296
"1208",1,1275.37933333333
"1209",1,1257.53333333333
"1210",1,1200.13266666667
"1211",1,1213.43133333333
"1212",1,1214.89666666667
"1213",1,1215.03
"1214",1,1215.36066666667
"1215",1,1193.00733333333
"1216",1,1254.20333333333
"1217",1,1232.08266666667
"1218",1,1210.73
"1219",1,1235.61333333333
"1220",1,1223.86733333333
"1221",1,1230.67733333333
"1222",1,1227.22266666667
"1223",1,1215.416
"1224",1,1206.18133333333
"1225",1,1214.29666666667
"1226",1,1256.346
"1227",1,1225.89133333333
"1228",1,1255.01933333333
"1229",1,1276.98133333333
"1230",1,1241.66266666667
"1231",1,1238.62
"1232",1,1248.42266666667
"1233",1,1230.67933333333
"1234",1,1236.69066666667
"1235",1,1219.224
"1236",1,1235.23933333333
"1237",1,1266.12866666667
"1238",1,1206.69466666667
"1239",1,1233.188
"1240",1,1245.05333333333
"1241",1,1259.922
"1242",1,1244.84466666667
"1243",1,1259.196
"1244",1,1252.53466666667
"1245",1,1263.25933333333
"1246",1,1247.246
"1247",1,1243.018
"1248",1,1260.16666666667
"1249",1,1293.20733333333
"1250",1,1270.314
"1251",1,1252.40533333333
"1252",1,1243.498
"1253",1,1244.38666666667
"1254",1,1238.148
"1255",1,1275.088
"1256",1,1288.856
"1257",1,1267.616
"1258",1,1265.12933333333
"1259",1,1246.14733333333
"1260",1,1269.162
"1261",1,1281.256
"1262",1,1222.056
"1263",1,1277.36466666667
"1264",1,1268.46533333333
"1265",1,1304.65866666667
"1266",1,1286.55266666667
"1267",1,1283.13866666667
"1268",1,1242.10933333333
"1269",1,1246.04866666667
"1270",1,1290.156
"1271",1,1277.37333333333
"1272",1,1267.75
"1273",1,1275.184
"1274",1,1270.42533333333
"1275",1,1268.554
"1276",1,1286.30866666667
"1277",1,1310.88533333333
"1278",1,1285.298
"1279",1,1290.496
"1280",1,1263.194
"1281",1,1253.38133333333
"1282",1,1302.998
"1283",1,1277.60666666667
"1284",1,1294.24866666667
"1285",1,1266.81533333333
"1286",1,1287.272
"1287",1,1286.42866666667
"1288",1,1299.1
"1289",1,1262.39266666667
"1290",1,1283.56066666667
"1291",1,1296.68133333333
"1292",1,1314.224
"1293",1,1290.422
"1294",1,1306.9
"1295",1,1294.87866666667
"1296",1,1304.72333333333
"1297",1,1285.86133333333
"1298",1,1291.32466666667
"1299",1,1329.02666666667
"1300",1,1292.75666666667
"1301",1,1316.46066666667
"1302",1,1341.19866666667
"1303",1,1321.98133333333
"1304",1,1311.75933333333
"1305",1,1302.78533333333
"1306",1,1320.53466666667
"1307",1,1260.212
"1308",1,1320.28066666667
"1309",1,1315.22533333333
"1310",1,1310.29533333333
"1311",1,1302.032
"1312",1,1323.26466666667
"1313",1,1316.54266666667
"1314",1,1360.03933333333
"1315",1,1327.36666666667
"1316",1,1309.97533333333
"1317",1,1309.882
"1318",1,1318.608
"1319",1,1303.84133333333
"1320",1,1340.55533333333
"1321",1,1333.94733333333
"1322",1,1338.042
"1323",1,1325.43866666667
"1324",1,1316.36066666667
"1325",1,1324.986
"1326",1,1300.072
"1327",1,1305.84266666667
"1328",1,1359.73533333333
"1329",1,1332.55133333333
"1330",1,1340.976
"1331",1,1327.23066666667
"1332",1,1328.55266666667
"1333",1,1333.78333333333
"1334",1,1342.17466666667
"1335",1,1355.64266666667
"1336",1,1335.354
"1337",1,1336.766
"1338",1,1343.82333333333
"1339",1,1309.61
"1340",1,1344.426
"1341",1,1332.418
"1342",1,1295.906
"1343",1,1302.592
"1344",1,1351.25
"1345",1,1342.762
"1346",1,1331.38933333333
"1347",1,1345.12266666667
"1348",1,1362.06333333333
"1349",1,1351.03
"1350",1,1341.34333333333
"1351",1,1350.93066666667
"1352",1,1355.11066666667
"1353",1,1354.19466666667
"1354",1,1355.36466666667
"1355",1,1362.65933333333
"1356",1,1370.11266666667
"1357",1,1354.19466666667
"1358",1,1373.74666666667
"1359",1,1360.012
"1360",1,1371.456
"1361",1,1373.086
"1362",1,1364.75933333333
"1363",1,1373.25133333333
"1364",1,1397.32333333333
"1365",1,1344.56933333333
"1366",1,1372.49
"1367",1,1361.63933333333
"1368",1,1372.86866666667
"1369",1,1334.39333333333
"1370",1,1372.12466666667
"1371",1,1416.07733333333
"1372",1,1338.62266666667
"1373",1,1370.21133333333
"1374",1,1362.43666666667
"1375",1,1400.93533333333
"1376",1,1367.436
"1377",1,1319.468
"1378",1,1376.42466666667
"1379",1,1378.71333333333
"1380",1,1389.24733333333
"1381",1,1424.442
"1382",1,1381.33666666667
"1383",1,1395.10066666667
"1384",1,1391.88266666667
"1385",1,1396.64266666667
"1386",1,1343.43066666667
"1387",1,1387.74066666667
"1388",1,1391.35666666667
"1389",1,1365.522
"1390",1,1389.35466666667
"1391",1,1410.69533333333
"1392",1,1378.878
"1393",1,1392.13333333333
"1394",1,1412.218
"1395",1,1398.464
"1396",1,1384.102
"1397",1,1395.42733333333
"1398",1,1399.902
"1399",1,1401.14333333333
"1400",1,1392.49533333333
"1401",1,1393.01666666667
"1402",1,1393.99
"1403",1,1414.77666666667
"1404",1,1379.68533333333
"1405",1,1431.33533333333
"1406",1,1410.49333333333
"1407",1,1405.27333333333
"1408",1,1418.68933333333
"1409",1,1405.13866666667
"1410",1,1428.51133333333
"1411",1,1415.66333333333
"1412",1,1423.35866666667
"1413",1,1409.59066666667
"1414",1,1409.34866666667
"1415",1,1443.78933333333
"1416",1,1413.086
"1417",1,1407.81
"1418",1,1435.15066666667
"1419",1,1469.76933333333
"1420",1,1400.66333333333
"1421",1,1425.194
"1422",1,1435.75933333333
"1423",1,1420.94666666667
"1424",1,1432.756
"1425",1,1461.00333333333
"1426",1,1441.32066666667
"1427",1,1424.23666666667
"1428",1,1393.37666666667
"1429",1,1463.90933333333
"1430",1,1430.06466666667
"1431",1,1432.66066666667
"1432",1,1433.558
"1433",1,1434.80266666667
"1434",1,1440.50266666667
"1435",1,1433.3
"1436",1,1429.12333333333
"1437",1,1443.73533333333
"1438",1,1438.02266666667
"1439",1,1425.42333333333
"1440",1,1422.36133333333
"1441",1,1435.52466666667
"1442",1,1441.58466666667
"1443",1,1465.62266666667
"1444",1,1442.42466666667
"1445",1,1472.02933333333
"1446",1,1456.84533333333
"1447",1,1434.326
"1448",1,1432.65466666667
"1449",1,1443.79933333333
"1450",1,1451.796
"1451",1,1396.37866666667
"1452",1,1450.126
"1453",1,1477.84733333333
"1454",1,1459.57266666667
"1455",1,1397.98733333333
"1456",1,1458.58733333333
"1457",1,1467.818
"1458",1,1461.118
"1459",1,1452.456
"1460",1,1477.20533333333
"1461",1,1452.232
"1462",1,1454.61066666667
"1463",1,1460.40733333333
"1464",1,1456.09266666667
"1465",1,1489.856
"1466",1,1500.85666666667
"1467",1,1431.99533333333
"1468",1,1465.94333333333
"1469",1,1456.26466666667
"1470",1,1459.28866666667
"1471",1,1470.28733333333
"1472",1,1471.41
"1473",1,1468.96533333333
"1474",1,1456.86266666667
"1475",1,1489.47933333333
"1476",1,1486.39333333333
"1477",1,1468.03933333333
"1478",1,1476.68133333333
"1479",1,1449.17533333333
"1480",1,1485.26933333333
"1481",1,1482.728
"1482",1,1493.77266666667
"1483",1,1507.092
"1484",1,1477.344
"1485",1,1490.27466666667
"1486",1,1494.63466666667
"1487",1,1481.886
"1488",1,1487.00466666667
"1489",1,1484.41533333333
"1490",1,1493.846
"1491",1,1472.922
"1492",1,1503.014
"1493",1,1477.50733333333
"1494",1,1499.88666666667
"1495",1,1496.16066666667
"1496",1,1467.76866666667
"1497",1,1494.32666666667
"1498",1,1498.46466666667
"1499",1,1486.19466666667
"1500",1,1486.02333333333
"1501",1,1496.146
"1502",1,1500.95133333333
"1503",1,1510.43266666667
"1504",1,1538.414
"1505",1,1525.344
"1506",1,1465.60733333333
"1507",1,1509.04666666667
"1508",1,1513.43666666667
"1509",1,1511.66466666667
"1510",1,1513.58466666667
"1511",1,1474.028
"1512",1,1513.27533333333
"1513",1,1504.83333333333
"1514",1,1516.42466666667
"1515",1,1525.30866666667
"1516",1,1503.514
"1517",1,1513.986
"1518",1,1495.65133333333
"1519",1,1496.41866666667
"1520",1,1542.874
"1521",1,1481.92333333333
"1522",1,1524.354
"1523",1,1526.76333333333
"1524",1,1508.832
"1525",1,1514.99866666667
"1526",1,1524.27933333333
"1527",1,1525.084
"1528",1,1463.104
"1529",1,1521.86333333333
"1530",1,1545.95733333333
"1531",1,1473.83266666667
"1532",1,1526.07
"1533",1,1481.98733333333
"1534",1,1521.85733333333
"1535",1,1519.86733333333
"1536",1,1511.32733333333
"1537",1,1533.03333333333
"1538",1,1504.40466666667
"1539",1,1501.14933333333
"1540",1,1547.80333333333
"1541",1,1533.12
"1542",1,1533.36666666667
"1543",1,1572.19733333333
"1544",1,1489.162
"1545",1,1520.10933333333
"1546",1,1518.34733333333
"1547",1,1544.614
"1548",1,1540.436
"1549",1,1534.34
"1550",1,1481.61466666667
"1551",1,1546.17
"1552",1,1524.71333333333
"1553",1,1541.554
"1554",1,1594.49066666667
"1555",1,1558.62066666667
"1556",1,1566.628
"1557",1,1536.90866666667
"1558",1,1529.18266666667
"1559",1,1559.022
"1560",1,1584.492
"1561",1,1560.52333333333
"1562",1,1562.39066666667
"1563",1,1557.20733333333
"1564",1,1503.31466666667
"1565",1,1543.67933333333
"1566",1,1484.04866666667
"1567",1,1515.55866666667
"1568",1,1564.30466666667
"1569",1,1585.262
"1570",1,1562.6
"1571",1,1563.81333333333
"1572",1,1546.74
"1573",1,1574.11533333333
"1574",1,1576.806
"1575",1,1575.114
"1576",1,1581.208
"1577",1,1553.57066666667
"1578",1,1591.56066666667
"1579",1,1574.00133333333
"1580",1,1586.52733333333
"1581",1,1581.788
"1582",1,1613.65
"1583",1,1577.266
"1584",1,1613.832
"1585",1,1596.18333333333
"1586",1,1584.804
"1587",1,1572.29133333333
"1588",1,1604.36933333333
"1589",1,1588.288
"1590",1,1582.81466666667
"1591",1,1599.68866666667
"1592",1,1597.956
"1593",1,1570.81466666667
"1594",1,1592.91733333333
"1595",1,1590.93133333333
"1596",1,1598.498
"1597",1,1576.92866666667
"1598",1,1584.51866666667
"1599",1,1576.29266666667
"1600",1,1583.764
"1601",1,1632.25466666667
"1602",1,1600.72
"1603",1,1626.042
"1604",1,1593.96466666667
"1605",1,1594.598
"1606",1,1604.69933333333
"1607",1,1566.86533333333
"1608",1,1603.95066666667
"1609",1,1574.16
"1610",1,1606.41733333333
"1611",1,1615.69133333333
"1612",1,1602.00533333333
"1613",1,1603.232
"1614",1,1602.82933333333
"1615",1,1603.07533333333
"1616",1,1635.626
"1617",1,1651.89866666667
"1618",1,1628.196
"1619",1,1610.35133333333
"1620",1,1621.53733333333
"1621",1,1604.10533333333
"1622",1,1631.18666666667
"1623",1,1616.39066666667
"1624",1,1641.60333333333
"1625",1,1593.57333333333
"1626",1,1612.13333333333
"1627",1,1638.794
"1628",1,1619.66866666667
"1629",1,1642.91533333333
"1630",1,1640.91333333333
"1631",1,1607.12133333333
"1632",1,1649.23866666667
"1633",1,1654.992
"1634",1,1643.90133333333
"1635",1,1643.142
"1636",1,1687.534
"1637",1,1624.85266666667
"1638",1,1634.80933333333
"1639",1,1624.50733333333
"1640",1,1638.60333333333
"1641",1,1687.358
"1642",1,1658.79933333333
"1643",1,1683.86866666667
"1644",1,1649.26333333333
"1645",1,1672.21933333333
"1646",1,1588.43133333333
"1647",1,1675.802
"1648",1,1595.892
"1649",1,1671.87133333333
"1650",1,1668.68266666667
"1651",1,1633.95733333333
"1652",1,1648.89
"1653",1,1654.412
"1654",1,1673.74066666667
"1655",1,1642.96
"1656",1,1654.47466666667
"1657",1,1670.21066666667
"1658",1,1663.62733333333
"1659",1,1667.49333333333
"1660",1,1669.55533333333
"1661",1,1648.74466666667
"1662",1,1669.72533333333
"1663",1,1657.17933333333
"1664",1,1633.92533333333
"1665",1,1653.29866666667
"1666",1,1678.312
"1667",1,1683.54333333333
"1668",1,1667.982
"1669",1,1659.55866666667
"1670",1,1688.63333333333
"1671",1,1680.544
"1672",1,1673.93266666667
"1673",1,1669.26
"1674",1,1695.2
"1675",1,1659.456
"1676",1,1656.20466666667
"1677",1,1680.31333333333
"1678",1,1662.63266666667
"1679",1,1675.88266666667
"1680",1,1694.7
"1681",1,1679.16133333333
"1682",1,1668.43866666667
"1683",1,1667.87533333333
"1684",1,1668.91733333333
"1685",1,1715.36533333333
"1686",1,1688.984
"1687",1,1683.25733333333
"1688",1,1674.38466666667
"1689",1,1666.15933333333
"1690",1,1710.54333333333
"1691",1,1687.02466666667
"1692",1,1671.688
"1693",1,1731.674
"1694",1,1706.086
"1695",1,1721.32666666667
"1696",1,1692.48666666667
"1697",1,1689.93533333333
"1698",1,1678.38666666667
"1699",1,1710.78066666667
"1700",1,1673.93
"1701",1,1725.37
"1702",1,1719.40266666667
"1703",1,1722.16933333333
"1704",1,1698.802
"1705",1,1711.04866666667
"1706",1,1703.85266666667
"1707",1,1729.51466666667
"1708",1,1702.66
"1709",1,1707.96533333333
"1710",1,1701.90866666667
"1711",1,1720.51333333333
"1712",1,1691.21066666667
"1713",1,1678.71266666667
"1714",1,1718.646
"1715",1,1714.104
"1716",1,1722.98733333333
"1717",1,1740.32733333333
"1718",1,1751.73333333333
"1719",1,1711.14866666667
"1720",1,1714.654
"1721",1,1714.19333333333
"1722",1,1727.86266666667
"1723",1,1708.22466666667
"1724",1,1715.83666666667
"1725",1,1746.48533333333
"1726",1,1732.12066666667
"1727",1,1704.13666666667
"1728",1,1707.30133333333
"1729",1,1730.574
"1730",1,1723.68733333333
"1731",1,1745.39866666667
"1732",1,1736.88
"1733",1,1752.97666666667
"1734",1,1737.43666666667
"1735",1,1741.178
"1736",1,1731.33866666667
"1737",1,1751.38666666667
"1738",1,1741.32533333333
"1739",1,1754.09733333333
"1740",1,1752.37866666667
"1741",1,1708.35533333333
"1742",1,1733.87
"1743",1,1749.95066666667
"1744",1,1742.32666666667
"1745",1,1768.42133333333
"1746",1,1760.58333333333
"1747",1,1745.204
"1748",1,1755.34533333333
"1749",1,1739.38
"1750",1,1738.04333333333
"1751",1,1727.95
"1752",1,1754.926
"1753",1,1753.23533333333
"1754",1,1782.15866666667
"1755",1,1739.09666666667
"1756",1,1680.51066666667
"1757",1,1748.394
"1758",1,1753.33466666667
"1759",1,1770.09533333333
"1760",1,1715.23333333333
"1761",1,1725.25066666667
"1762",1,1767.15933333333
"1763",1,1741.41733333333
"1764",1,1764.91266666667
"1765",1,1768.24066666667
"1766",1,1753.292
"1767",1,1765.03133333333
"1768",1,1749.138
"1769",1,1741.73066666667
"1770",1,1773.52933333333
"1771",1,1712.90266666667
"1772",1,1786.678
"1773",1,1770.28666666667
"1774",1,1780.54066666667
"1775",1,1771.5
"1776",1,1777.95933333333
"1777",1,1770.74666666667
"1778",1,1759.19533333333
"1779",1,1766.28
"1780",1,1779.726
"1781",1,1787.03066666667
"1782",1,1817.44733333333
"1783",1,1778.19066666667
"1784",1,1774.12733333333
"1785",1,1785.928
"1786",1,1770.552
"1787",1,1739.04333333333
"1788",1,1780.14333333333
"1789",1,1789.784
"1790",1,1762.51533333333
"1791",1,1774.912
"1792",1,1791.55066666667
"1793",1,1794.09533333333
"1794",1,1786.39733333333
"1795",1,1801.95866666667
"1796",1,1789.36533333333
"1797",1,1805.88733333333
"1798",1,1785.496
"1799",1,1822.97933333333
"1800",1,1815.982
"1801",1,1794.508
"1802",1,1787.80133333333
"1803",1,1808.52866666667
"1804",1,1813.79666666667
"1805",1,1808.90133333333
"1806",1,1809.55333333333
"1807",1,1778.97066666667
"1808",1,1796.84266666667
"1809",1,1807.49866666667
"1810",1,1823.96266666667
"1811",1,1822.984
"1812",1,1800.03266666667
"1813",1,1786.94333333333
"1814",1,1812.97733333333
"1815",1,1818.72533333333
"1816",1,1795.932
"1817",1,1810.83
"1818",1,1817.80466666667
"1819",1,1793.67866666667
"1820",1,1827.37933333333
"1821",1,1822.54666666667
"1822",1,1812.25933333333
"1823",1,1801.47066666667
"1824",1,1806.57066666667
"1825",1,1812.30666666667
"1826",1,1818.8
"1827",1,1835.60733333333
"1828",1,1820.84
"1829",1,1810.05133333333
"1830",1,1822.27733333333
"1831",1,1823.53133333333
"1832",1,1831.06933333333
"1833",1,1823.19066666667
"1834",1,1827.73666666667
"1835",1,1827.68866666667
"1836",1,1824.36666666667
"1837",1,1841.91466666667
"1838",1,1822.25866666667
"1839",1,1839.59666666667
"1840",1,1836.91533333333
"1841",1,1820.728
"1842",1,1853.84866666667
"1843",1,1830.37066666667
"1844",1,1819.04866666667
"1845",1,1854.01933333333
"1846",1,1844.56266666667
"1847",1,1852.886
"1848",1,1829.50733333333
"1849",1,1844.69866666667
"1850",1,1830.16
"1851",1,1820.544
"1852",1,1808.39
"1853",1,1851.206
"1854",1,1851.03933333333
"1855",1,1857.61133333333
"1856",1,1849.34933333333
"1857",1,1863.066
"1858",1,1864.75266666667
"1859",1,1846.16066666667
"1860",1,1859.22133333333
"1861",1,1809.59666666667
"1862",1,1842.856
"1863",1,1855.45333333333
"1864",1,1807.456
"1865",1,1839.09133333333
"1866",1,1865.126
"1867",1,1843.51333333333
"1868",1,1870.40466666667
"1869",1,1891.558
"1870",1,1839.114
"1871",1,1799.458
"1872",1,1853.60866666667
"1873",1,1879.94333333333
"1874",1,1840.29666666667
"1875",1,1888.082
"1876",1,1860.016
"1877",1,1876.91866666667
"1878",1,1855.862
"1879",1,1881.782
"1880",1,1882.414
"1881",1,1891.75666666667
"1882",1,1861.146
"1883",1,1861.00466666667
"1884",1,1876.48266666667
"1885",1,1881.112
"1886",1,1884.27133333333
"1887",1,1890.13066666667
"1888",1,1884.544
"1889",1,1911.17533333333
"1890",1,1837.11133333333
"1891",1,1910.76
"1892",1,1888.07466666667
"1893",1,1869.45933333333
"1894",1,1891.25266666667
"1895",1,1891.34533333333
"1896",1,1892.806
"1897",1,1898.80466666667
"1898",1,1883.834
"1899",1,1891.402
"1900",1,1902.46266666667
"1901",1,1889.96066666667
"1902",1,1897.06866666667
"1903",1,1896.452
"1904",1,1903.56133333333
"1905",1,1911.122
"1906",1,1906.772
"1907",1,1909.366
"1908",1,1907.83533333333
"1909",1,1907.94733333333
"1910",1,1881.23733333333
"1911",1,1897.446
"1912",1,1892.702
"1913",1,1896.14733333333
"1914",1,1921.178
"1915",1,1900.42933333333
"1916",1,1916.06933333333
"1917",1,1905.438
"1918",1,1898.90733333333
"1919",1,1907.394
"1920",1,1921.054
"1921",1,1927.09733333333
"1922",1,1920.21066666667
"1923",1,1935.90333333333
"1924",1,1870.03533333333
"1925",1,1884.59333333333
"1926",1,1922.26066666667
"1927",1,1923.246
"1928",1,1933.07933333333
"1929",1,1918.81066666667
"1930",1,1899.364
"1931",1,1929.964
"1932",1,1934.93533333333
"1933",1,1907.73666666667
"1934",1,1944.378
"1935",1,1940.54133333333
"1936",1,1940.22066666667
"1937",1,1928.39666666667
"1938",1,1934.48733333333
"1939",1,1934.108
"1940",1,1910.504
"1941",1,1932.30133333333
"1942",1,1940.04066666667
"1943",1,1931.88933333333
"1944",1,1949.07533333333
"1945",1,1909.11533333333
"1946",1,1910.07533333333
"1947",1,1894.372
"1948",1,1936.20266666667
"1949",1,1928.01666666667
"1950",1,1937.67266666667
"1951",1,1923.63666666667
"1952",1,1927.94333333333
"1953",1,1959.40933333333
"1954",1,1910.332
"1955",1,1923.38
"1956",1,1938.15466666667
"1957",1,1869.312
"1958",1,1957.254
"1959",1,1945.98266666667
"1960",1,1944.89466666667
"1961",1,1952.06533333333
"1962",1,1954.83333333333
"1963",1,1936.56733333333
"1964",1,1962.42066666667
"1965",1,1961.536
"1966",1,1970.26466666667
"1967",1,1924.01
"1968",1,1966.398
"1969",1,1974.97
"1970",1,1944.85466666667
"1971",1,1968.79066666667
"1972",1,1962.222
"1973",1,1968.79066666667
"1974",1,1956.59733333333
"1975",1,1970.28333333333
"1976",1,1980.65733333333
"1977",1,1939.64866666667
"1978",1,1972.86266666667
"1979",1,1896.292
"1980",1,1981.71666666667
"1981",1,1987.61666666667
"1982",1,1985.952
"1983",1,1963.74733333333
"1984",1,1976.57733333333
"1985",1,1868.486
"1986",1,1976.30266666667
"1987",1,1966.08466666667
"1988",1,1968.84933333333
"1989",1,1964.702
"1990",1,1964.838
"1991",1,1943.956
"1992",1,1951.08
"1993",1,1912.574
"1994",1,1878.51066666667
"1995",1,1945.16666666667
"1996",1,1967.494
"1997",1,1942.12666666667
"1998",1,2000.97133333333
"1999",1,1911.558
"2000",1,1978.07066666667
"2001",1,1960.34066666667
"2002",1,1999.18866666667
"2003",1,1949.71
"2004",1,1987.04666666667
"2005",1,2004.51733333333
"2006",1,1996.03133333333
"2007",1,1986.18666666667
"2008",1,2011.472
"2009",1,2010.83666666667
"2010",1,2017.96733333333
"2011",1,1994.55866666667
"2012",1,1988.028
"2013",1,1982.81466666667
"2014",1,2012.97866666667
"2015",1,1987.23066666667
"2016",1,2012.988
"2017",1,2001.64
"2018",1,1977.122
"2019",1,2015.356
"2020",1,1953.94333333333
"2021",1,2012.82666666667
"2022",1,1962.33733333333
"2023",1,1944.49666666667
"2024",1,2020.668
"2025",1,2031.138
"2026",1,1995.63333333333
"2027",1,2024.33333333333
"2028",1,2022.02733333333
"2029",1,2014.02266666667
"2030",1,2031.91933333333
"2031",1,2029.92
"2032",1,2030.054
"2033",1,1995.122
"2034",1,1989.61
"2035",1,1956.64
"2036",1,2055.298
"2037",1,2027.52666666667
"2038",1,2030.68866666667
"2039",1,2014.11866666667
"2040",1,2024.37066666667
"2041",1,2020.874
"2042",1,2022.606
"2043",1,2021.19266666667
"2044",1,2037.71
"2045",1,2038.89266666667
"2046",1,2009.80666666667
"2047",1,2038.62533333333
"2048",1,1952.64466666667
"2049",1,2039.02733333333
"2050",1,2023.48066666667
"2051",1,2020.98533333333
"2052",1,2045.598
"2053",1,1995.59733333333
"2054",1,2000.25333333333
"2055",1,1973.35733333333
"2056",1,2003.00933333333
"2057",1,2030.94
"2058",1,2021.61
"2059",1,1985.12666666667
"2060",1,1998.76266666667
"2061",1,2021.10133333333
"2062",1,1981.21933333333
"2063",1,2015.892
"2064",1,2070.16466666667
"2065",1,2036.11
"2066",1,2043.348
"2067",1,2056.456
"2068",1,2043.41866666667
"2069",1,1981.29333333333
"2070",1,2062.02133333333
"2071",1,2037.482
"2072",1,2066.44066666667
"2073",1,2029.536
"2074",1,2004.30133333333
"2075",1,2032.22533333333
"2076",1,2051.32533333333
"2077",1,2019.44533333333
"2078",1,2043.09666666667
"2079",1,2010.94933333333
"2080",1,2011.86133333333
"2081",1,2070.65466666667
"2082",1,2081.92133333333
"2083",1,2009.21866666667
"2084",1,2006.15266666667
"2085",1,2016.54
"2086",1,2041.8
"2087",1,2021.88533333333
"2088",1,2046.676
"2089",1,2075.208
"2090",1,2036.762
"2091",1,1904.78533333333
"2092",1,2078.48
"2093",1,2039.046
"2094",1,2019.49466666667
"2095",1,2027.96866666667
"2096",1,2079.15666666667
"2097",1,1975.37733333333
"2098",1,2051.53733333333
"2099",1,2058.78
"2100",1,2020.18866666667
"2101",1,2026.19466666667
"2102",1,2047.96866666667
"2103",1,2015.85333333333
"2104",1,2077.35533333333
"2105",1,2029.768
"2106",1,2093.19666666667
"2107",1,1987.31
"2108",1,2080.71933333333
"2109",1,2040.15866666667
"2110",1,2074.25333333333
"2111",1,2071.38933333333
"2112",1,2084.494
"2113",1,2085.47933333333
"2114",1,2080.10066666667
"2115",1,2090.314
"2116",1,2097.492
"2117",1,2097.858
"2118",1,2079.628
"2119",1,2035.176
"2120",1,2095.936
"2121",1,2088.34733333333
"2122",1,2092.23066666667
"2123",1,2047.96733333333
"2124",1,2099.24266666667
"2125",1,2096.64266666667
"2126",1,2084.11
"2127",1,2064.54666666667
"2128",1,2077.14533333333
"2129",1,2110.94533333333
"2130",1,2112.03266666667
"2131",1,2083.20066666667
"2132",1,2045.046
"2133",1,2102.04333333333
"2134",1,2096.962
"2135",1,2053.146
"2136",1,2076.77
"2137",1,2096.63133333333
"2138",1,2116.98066666667
"2139",1,2087.24733333333
"2140",1,2086.49466666667
"2141",1,2112.36266666667
