"","INDEX","P_TARGET_FLAG"
"1","3",0.147383481998567
"2","9",0.272089157607922
"3","10",0.167870437848563
"4","18",0.269183244456746
"5","21",0.22919978018058
"6","30",0.174110641261927
"7","31",0.432901366562649
"8","37",0.418008622625339
"9","39",0.00888862098007212
"10","47",0.130159407098331
"11","60",0.032911043731892
"12","62",0.538870890366021
"13","63",0.889975162780676
"14","64",0.0789082374534558
"15","68",0.0322204517059638
"16","75",0.624398167737568
"17","76",0.777089052785205
"18","83",0.169386361136818
"19","87",0.666459350264504
"20","92",0.442475062327024
"21","98",0.170910427693177
"22","106",0.413446160708551
"23","107",0.0520171208112452
"24","113",0.405889234174849
"25","120",0.347883338440666
"26","123",0.372934499235104
"27","125",0.388882372978901
"28","126",0.279149919531461
"29","128",0.069734351987354
"30","129",0.162463402808257
"31","131",0.107317952853478
"32","135",0.442411641898032
"33","141",0.0815066836520002
"34","147",0.19307712552893
"35","148",0.153675481842696
"36","151",0.0489961768516827
"37","156",0.215060962053123
"38","157",0.176355783826939
"39","174",0.0752239886980195
"40","186",0.632803110552556
"41","193",0.320964040036709
"42","195",0.530415832090343
"43","212",0.0207139608222736
"44","213",0.551637530933963
"45","217",0.00498509548194298
"46","223",0.230789068300053
"47","226",0.0637325583234625
"48","228",0.483203419802744
"49","230",0.0176692157603026
"50","241",0.586329996134126
"51","243",0.171996176830595
"52","249",0.348460618301451
"53","281",0.836079022340654
"54","288",0.0675662896083271
"55","294",0.211559007094174
"56","295",0.228705768107242
"57","300",0.397856901961915
"58","302",0.400365335369277
"59","303",0.0812402893236766
"60","308",0.51229185743783
"61","319",0.0145829928834465
"62","320",0.0542352515346503
"63","324",0.325368577914566
"64","331",0.111376902654779
"65","343",0.0550099098692601
"66","347",0.421528234315001
"67","348",0.803768386654045
"68","350",0.548574729700508
"69","357",0.173864069700532
"70","358",0.0297988661748387
"71","360",0.018869168155104
"72","366",0.214306555630441
"73","367",0.616318016508724
"74","368",0.294830910231812
"75","376",0.689240914441723
"76","380",0.258479723168058
"77","388",0.366096553915135
"78","396",0.25900906412521
"79","398",0.140648679079555
"80","403",0.041347243544033
"81","410",0.581924415135083
"82","412",0.37276250757362
"83","420",0.362732768912497
"84","434",0.0337932362277428
"85","440",0.404286049357051
"86","450",0.58112318820427
"87","453",0.268035210295604
"88","464",0.313014679305292
"89","465",0.0352738312959868
"90","466",0.709293385701457
"91","473",0.0793795938204704
"92","476",0.072885198637362
"93","478",0.0710673049032561
"94","479",0.107326435223664
"95","493",0.0492199206214693
"96","497",0.207037347530159
"97","503",0.00815053306019569
"98","504",0.391621474211335
"99","505",0.321852827889722
"100","507",0.115607140424309
"101","513",0.479930210809028
"102","519",0.574079061840422
"103","521",0.614037976510713
"104","522",0.713984898037755
"105","545",0.11743033867145
"106","549",0.0942986092608083
"107","551",0.18414446220033
"108","556",0.113980897689017
"109","557",0.411593664639706
"110","559",0.31843781184822
"111","560",0.600712280179622
"112","566",0.0406388189336761
"113","569",0.195316362426303
"114","573",0.201420925932303
"115","578",0.657642802282185
"116","579",0.0459015307654499
"117","582",0.00548355960294387
"118","596",0.734034465579853
"119","598",0.684574509655452
"120","599",0.143836061730756
"121","602",0.332989760623838
"122","605",0.863248905517964
"123","617",0.671224413975135
"124","619",0.317835988319316
"125","630",0.267550217323638
"126","634",0.462072946841154
"127","643",0.398376263412609
"128","645",0.21864717825394
"129","647",0.213016798821197
"130","649",0.0953827740021378
"131","656",0.117361744123088
"132","657",0.127646149869412
"133","658",0.156688403449567
"134","667",0.079268283325245
"135","692",0.140542046753835
"136","693",0.193304114152147
"137","698",0.801675584114486
"138","699",0.740156892943614
"139","700",0.0621111903699086
"140","704",0.121405436854944
"141","707",0.0528593227264093
"142","708",0.776366025996221
"143","709",0.116209588980615
"144","713",0.179903716638428
"145","714",0.0645079848398196
"146","716",0.609461773756909
"147","718",0.153834283294173
"148","722",0.121398420339731
"149","729",0.361085946123681
"150","731",0.0258022995020838
"151","733",0.520004481841697
"152","746",0.323645809569246
"153","747",0.688545481492528
"154","748",0.483702601661257
"155","753",0.309049300926059
"156","757",0.503917299681671
"157","763",0.0269358781769563
"158","767",0.13975150946743
"159","774",0.564349537928214
"160","776",0.499723547075957
"161","788",0.196781953164015
"162","794",0.182401769304704
"163","799",0.289557801452842
"164","803",0.121814502678103
"165","806",0.390736611372571
"166","807",0.277829266504093
"167","811",0.0496844167052519
"168","816",0.0608237701178535
"169","818",0.287573730876651
"170","819",0.12026974844669
"171","831",0.110671168317443
"172","835",0.624184166620869
"173","837",0.155250232697014
"174","841",0.858027264327998
"175","846",0.306450504935708
"176","856",0.423742195543377
"177","861",0.501450252914691
"178","862",0.603068905818339
"179","863",0.821979674511315
"180","865",0.71036045468936
"181","871",0.546590173898509
"182","879",0.24025681834714
"183","880",0.159758214170452
"184","881",0.240651324399162
"185","885",0.280795335623588
"186","887",0.322067199990382
"187","892",0.0580970621132225
"188","898",0.0801502781350813
"189","900",0.164230117607889
"190","904",0.265034857622884
"191","906",0.569217268475656
"192","910",0.696903642952879
"193","912",0.308661848674951
"194","913",0.355546834899954
"195","919",0.080633199587343
"196","924",0.635670904975474
"197","925",0.431519780021427
"198","930",0.23183948338486
"199","940",0.262891716838165
"200","941",0.146713275246481
"201","946",0.177706780962098
"202","949",0.4067539394722
"203","951",0.0516518987883659
"204","962",0.0503075454819597
"205","966",0.0781809386981044
"206","967",0.0173633475176571
"207","971",0.887783502791008
"208","981",0.0274884762247187
"209","982",0.05184998909504
"210","983",0.073648250245838
"211","984",0.0346538959784438
"212","989",0.202395183137385
"213","990",0.606120691987217
"214","992",0.549102498144719
"215","995",0.108612802423213
"216","996",0.308617356054449
"217","998",0.444962718378089
"218","1001",0.072595893456487
"219","1007",0.166592744303164
"220","1008",0.0723407465106725
"221","1016",0.047019088941194
"222","1022",0.0531549580012378
"223","1027",0.36778715678875
"224","1032",0.358598683207935
"225","1033",0.147287403222156
"226","1041",0.296764779041811
"227","1065",0.565416686866916
"228","1074",0.415725730847129
"229","1075",0.37028476103623
"230","1081",0.147063043411555
"231","1094",0.0478072157593642
"232","1099",0.0792414532386581
"233","1105",0.572363257660627
"234","1123",0.115561862707071
"235","1135",0.0100171443891189
"236","1142",0.186003581076516
"237","1155",0.097044989932468
"238","1169",0.0179788911575759
"239","1176",0.0254196477021942
"240","1178",0.718448841447674
"241","1180",0.0333988638445157
"242","1184",0.115562791175476
"243","1185",0.591021989838307
"244","1193",0.250453660498428
"245","1196",0.14865411404941
"246","1199",0.456241949908634
"247","1203",0.304626492433377
"248","1205",0.535928102794989
"249","1207",0.0563699782135056
"250","1208",0.658766915668393
"251","1212",0.385938052276044
"252","1213",0.59708393342064
"253","1222",0.0913659429253643
"254","1223",0.314896756950518
"255","1226",0.512896079260341
"256","1227",0.246399870315814
"257","1229",0.127691197218131
"258","1230",0.289847831123842
"259","1231",0.707990137220044
"260","1241",0.0728229950354475
"261","1243",0.0793767428795685
"262","1244",0.112147258238608
"263","1246",0.180101172851125
"264","1248",0.125701489789338
"265","1249",0.164415375850325
"266","1252",0.0842840245895333
"267","1261",0.137504730039482
"268","1275",0.100670999991111
"269","1281",0.881422173163174
"270","1285",0.441581511554908
"271","1288",0.554966694238141
"272","1290",0.0669648399828021
"273","1291",0.302990466453122
"274","1304",0.674875565012663
"275","1305",0.118028961518184
"276","1323",0.2091081138508
"277","1342",0.613446361006519
"278","1348",0.155368290109972
"279","1353",0.284510561259025
"280","1363",0.206288347974939
"281","1371",0.26502273916382
"282","1372",0.276142254255439
"283","1378",0.244196112489667
"284","1381",0.388849097082234
"285","1382",0.385738404520767
"286","1393",0.549109065810553
"287","1394",0.0237804363257327
"288","1398",0.374525941506812
"289","1404",0.505556612110953
"290","1405",0.763213546072675
"291","1419",0.363923266201841
"292","1421",0.170643771669797
"293","1426",0.104621030278046
"294","1431",0.508141517108814
"295","1435",0.0234729651676526
"296","1437",0.495226654535865
"297","1438",0.185089618101737
"298","1442",0.501579200394747
"299","1464",0.06013107944702
"300","1471",0.291615891109953
"301","1473",0.297557932965296
"302","1476",0.0833247186471867
"303","1478",0.333770333143161
"304","1479",0.59947873574051
"305","1487",0.445591147377944
"306","1492",0.447952920728341
"307","1496",0.114858902563981
"308","1497",0.550102574158934
"309","1515",0.0232464979354606
"310","1519",0.246204985565372
"311","1522",0.67320296360662
"312","1526",0.356112540931722
"313","1537",0.0442795643869418
"314","1538",0.920975134508153
"315","1540",0.120858098957907
"316","1543",0.102391562753605
"317","1548",0.217089957969701
"318","1549",0.0933155775274351
"319","1556",0.696678267136929
"320","1564",0.0223719096009721
"321","1570",0.185509384505603
"322","1577",0.667069777978384
"323","1585",0.139652304624214
"324","1590",0.214718702688594
"325","1592",0.74576888849121
"326","1594",0.374223863988466
"327","1596",0.505966478508499
"328","1598",0.201814314569638
"329","1603",0.421936187869468
"330","1607",0.16989921356863
"331","1612",0.0700610287389229
"332","1627",0.0360947430020973
"333","1629",0.757074485529559
"334","1630",0.153391674062172
"335","1640",0.265660180888588
"336","1641",0.297734106463713
"337","1646",0.178414159853198
"338","1662",0.515549879430296
"339","1668",0.12384573274873
"340","1671",0.041542207814363
"341","1672",0.680918947433792
"342","1673",0.438495366800424
"343","1686",0.420713562660384
"344","1688",0.716496332123845
"345","1696",0.0249895637003588
"346","1701",0.046663472814995
"347","1707",0.0996498330864015
"348","1708",0.0769671652174552
"349","1713",0.0706615872678665
"350","1715",0.196302017373829
"351","1717",0.0371328217713955
"352","1721",0.155504631361549
"353","1724",0.85322312759101
"354","1725",0.772740017549275
"355","1730",0.0888517709393926
"356","1731",0.568480081462202
"357","1734",0.386631561994002
"358","1740",0.161012432124062
"359","1748",0.0241401498164836
"360","1749",0.0832401547857584
"361","1750",0.679323086322004
"362","1763",0.248492243447165
"363","1768",0.089908002313087
"364","1773",0.571703827726775
"365","1777",0.129052317604785
"366","1778",0.389699028983103
"367","1780",0.131086419148844
"368","1782",0.331688678060006
"369","1784",0.0567796448804788
"370","1786",0.184944157426008
"371","1787",0.0862084440582074
"372","1792",0.238788184857618
"373","1800",0.547863715098085
"374","1801",0.23358724593118
"375","1803",0.150300154096911
"376","1804",0.600132706100698
"377","1807",0.0233785222516009
"378","1818",0.205684683136495
"379","1821",0.0355091803204465
"380","1822",0.0485417976559182
"381","1828",0.0933893160517698
"382","1833",0.238957661856629
"383","1844",0.295091739521434
"384","1847",0.400166826425022
"385","1850",0.0482800076714762
"386","1854",0.449452187245762
"387","1858",0.351222780598533
"388","1864",0.169887508032013
"389","1867",0.0579611972376983
"390","1876",0.667986244357957
"391","1880",0.260547092540143
"392","1881",0.0627245457598657
"393","1891",0.172983697349456
"394","1894",0.24465149894467
"395","1895",0.0487539743040302
"396","1901",0.397873001170448
"397","1905",0.060960352945316
"398","1912",0.369469111871355
"399","1918",0.370558386370812
"400","1921",0.398408298154649
"401","1923",0.330808074380523
"402","1924",0.224856793237289
"403","1931",0.134833096565249
"404","1941",0.0827544031818929
"405","1950",0.0970674164580315
"406","1951",0.201437263894069
"407","1954",0.014221271144898
"408","1961",0.438914423006921
"409","1966",0.0100146375662987
"410","1979",0.151768307968509
"411","1982",0.0657766184289584
"412","1987",0.775556996446866
"413","1997",0.336572676775187
"414","2004",0.0261986677318771
"415","2011",0.536142013033583
"416","2015",0.351258540630225
"417","2025",0.0139740822447846
"418","2033",0.321787206448258
"419","2034",0.0059207574054652
"420","2035",0.126939178294543
"421","2036",0.666223239612599
"422","2053",0.621007001915847
"423","2059",0.731849245159783
"424","2060",0.0287803844575512
"425","2073",0.284824055581459
"426","2084",0.381440239246993
"427","2089",0.0919212971708072
"428","2092",0.268795361869569
"429","2109",0.519609320652012
"430","2129",0.38173081833347
"431","2134",0.444318059920163
"432","2135",0.034477002663994
"433","2148",0.0172729495524377
"434","2149",0.0174676416156941
"435","2150",0.32381531405397
"436","2165",0.766775312209042
"437","2166",0.0546446071907771
"438","2168",0.0482133042992025
"439","2170",0.176303250972142
"440","2171",0.163593343504603
"441","2172",0.026390291958555
"442","2176",0.164837699166881
"443","2182",0.0753659004375438
"444","2189",0.142325893386524
"445","2191",0.0654407332140219
"446","2197",0.0254581270250194
"447","2202",0.157842517353583
"448","2203",0.144553639100151
"449","2204",0.655633561345264
"450","2206",0.807943164503548
"451","2218",0.0715769349201812
"452","2219",0.129654743540315
"453","2221",0.356354146694023
"454","2226",0.0772557508044953
"455","2228",0.297433665179156
"456","2232",0.599190619634416
"457","2236",0.322759880806318
"458","2241",0.800243787303859
"459","2245",0.0398910465349374
"460","2251",0.346865871495771
"461","2255",0.045476338697051
"462","2256",0.0168446855289132
"463","2259",0.0172954426502224
"464","2263",0.302510226926378
"465","2264",0.0320845293823282
"466","2267",0.099651200214953
"467","2273",0.847827851188989
"468","2277",0.669442088563581
"469","2287",0.184111200692828
"470","2289",0.304578679123254
"471","2291",0.0544055995728338
"472","2296",0.845313225682109
"473","2299",0.0880703175521389
"474","2306",0.0681441692543027
"475","2314",0.220843202416134
"476","2317",0.0250979291517708
"477","2318",0.585641380155258
"478","2321",0.892437517633364
"479","2324",0.0512591607345143
"480","2340",0.462625672404469
"481","2343",0.0363720264792539
"482","2349",0.266448927278087
"483","2352",0.175067287797407
"484","2353",0.408245616507164
"485","2365",0.857704662234035
"486","2370",0.570389561817603
"487","2378",0.139795872775632
"488","2390",0.434356209167717
"489","2399",0.198264232346329
"490","2402",0.695063461641347
"491","2403",0.608645574413809
"492","2404",0.0833889088658807
"493","2414",0.0966381375472884
"494","2422",0.233128823319437
"495","2424",0.119933145178222
"496","2430",0.544726831395033
"497","2435",0.304000479579385
"498","2439",0.0724608414354261
"499","2442",0.377199349681318
"500","2445",0.406627132594669
"501","2449",0.229170861952077
"502","2451",0.316716294625057
"503","2461",0.776565449425008
"504","2464",0.115833275315212
"505","2465",0.576567580125064
"506","2472",0.0699555253699774
"507","2476",0.433913356991555
"508","2482",0.233385909097952
"509","2487",0.174438268682287
"510","2498",0.262979743762137
"511","2501",0.0713471171619496
"512","2504",0.20840049341382
"513","2511",0.330112062396512
"514","2518",0.0227087939827435
"515","2521",0.183329182557528
"516","2530",0.0717177492069618
"517","2543",0.571558446989877
"518","2545",0.586107568355199
"519","2561",0.364101718465166
"520","2566",0.568537606565988
"521","2572",0.184768327110099
"522","2577",0.160217630584583
"523","2578",0.265307903734695
"524","2580",0.227354695607874
"525","2581",0.104330383435558
"526","2582",0.0420506274806163
"527","2584",0.0408583549978147
"528","2590",0.0243494774687525
"529","2598",0.00766264011715853
"530","2602",0.138735697704162
"531","2605",0.00788070791482886
"532","2616",0.234184872087117
"533","2618",0.180998206559236
"534","2619",0.336763190323672
"535","2624",0.0409277672259441
"536","2632",0.216347763205801
"537","2640",0.213152179970463
"538","2646",0.019299103172494
"539","2651",0.133166501879683
"540","2660",0.0352816469528094
"541","2661",0.0517727701491272
"542","2668",0.103862016980243
"543","2670",0.369831753933102
"544","2680",0.383921099764471
"545","2681",0.00926271008448725
"546","2689",0.226510162011146
"547","2694",0.0564050302900738
"548","2695",0.832967981337155
"549","2696",0.481812946946526
"550","2702",0.121946098446209
"551","2704",0.14016930276127
"552","2708",0.0361675337538471
"553","2709",0.0617418041727706
"554","2714",0.467301624016718
"555","2716",0.0670061257861206
"556","2723",0.114804522369763
"557","2725",0.41106575257326
"558","2738",0.0842406733578955
"559","2750",0.514230581014505
"560","2756",0.301794603411322
"561","2758",0.0696821825756316
"562","2766",0.397006330174203
"563","2767",0.337005870497676
"564","2771",0.222171190076531
"565","2775",0.36024140434175
"566","2776",0.101243360722272
"567","2779",0.932022860138197
"568","2780",0.445021091810902
"569","2781",0.388081797930303
"570","2782",0.620024431801138
"571","2783",0.154282704812325
"572","2796",0.22183692166722
"573","2798",0.235213636585146
"574","2800",0.0654422625856536
"575","2803",0.0969517379533513
"576","2806",0.00363542689259025
"577","2813",0.16462322446624
"578","2818",0.101384722570528
"579","2821",0.40703067435552
"580","2825",0.228599331504387
"581","2829",0.0337263973067193
"582","2830",0.604819417250165
"583","2833",0.078712200579874
"584","2839",0.732996935901414
"585","2843",0.0538786541737001
"586","2846",0.0585386545803727
"587","2847",0.100076046498608
"588","2848",0.112242398508325
"589","2856",0.7940895088931
"590","2863",0.441289691215672
"591","2867",0.361761037890108
"592","2869",0.15851002561511
"593","2873",0.0085307319213172
"594","2874",0.36687039057081
"595","2875",0.485645740751372
"596","2880",0.524651827645709
"597","2886",0.521821395912541
"598","2887",0.37847077862458
"599","2888",0.212174096667652
"600","2889",0.690178596746716
"601","2890",0.585463271359902
"602","2892",0.206749276683253
"603","2901",0.210245991101772
"604","2902",0.182010218691988
"605","2905",0.312710040555932
"606","2917",0.324146566400035
"607","2922",0.576236477042781
"608","2924",0.0710776026409194
"609","2930",0.171241858959081
"610","2931",0.0895915629644134
"611","2946",0.104390528856707
"612","2955",0.340805710663611
"613","2962",0.0180037615870066
"614","2964",0.0265590816360022
"615","2965",0.459352089694474
"616","2967",0.0258853802616799
"617","2970",0.0434923647662957
"618","2973",0.351881417949564
"619","2974",0.233856277693282
"620","2976",0.632076427066749
"621","2977",0.183064074225682
"622","2978",0.214244532107942
"623","2986",0.0948388184151467
"624","2988",0.201993243084878
"625","2989",0.180643337981392
"626","2995",0.721727657280172
"627","3005",0.520715115534922
"628","3011",0.0905412097176379
"629","3013",0.0306969419868214
"630","3019",0.634086192358069
"631","3021",0.0326120367032796
"632","3022",0.326214769412633
"633","3029",0.0804308759764639
"634","3037",0.146430502519651
"635","3042",0.277175274480839
"636","3043",0.159722249225175
"637","3049",0.116608039800568
"638","3050",0.595054623544214
"639","3053",0.287586916754213
"640","3058",0.302587397435087
"641","3062",0.209439626696035
"642","3063",0.433438176871902
"643","3065",0.0374760699819698
"644","3080",0.0759261479622314
"645","3088",0.216684851686087
"646","3093",0.626129769382898
"647","3096",0.333749592195234
"648","3101",0.298958892811424
"649","3103",0.18283325202514
"650","3107",0.346486958448328
"651","3109",0.0403366403742968
"652","3111",0.10570687489031
"653","3113",0.823524665468536
"654","3116",0.00298560768004702
"655","3132",0.115625657006958
"656","3141",0.27320961173584
"657","3153",0.386935988626299
"658","3154",0.0353422962151153
"659","3160",0.177574815275682
"660","3167",0.0789822329488815
"661","3170",0.386258088581828
"662","3173",0.466768980413231
"663","3174",0.280720442874337
"664","3177",0.202951820410675
"665","3179",0.223967669787763
"666","3184",0.425304310288982
"667","3190",0.293012165278646
"668","3193",0.0683283375533604
"669","3199",0.343992338436608
"670","3201",0.0699417071605802
"671","3202",0.244620060755215
"672","3203",0.562948708344151
"673","3206",0.51113983033501
"674","3209",0.0601508622426077
"675","3210",0.553241243601771
"676","3217",0.228204312997927
"677","3220",0.0764262843259155
"678","3228",0.344016759852259
"679","3232",0.0325472934299798
"680","3239",0.165666650282217
"681","3243",0.502365470507417
"682","3245",0.133543067447574
"683","3246",0.412085703837074
"684","3251",0.0580502501054214
"685","3253",0.272366367067029
"686","3257",0.0724934795296582
"687","3260",0.0139742176489624
"688","3261",0.293365172327938
"689","3263",0.307091841554061
"690","3278",0.211029252672306
"691","3281",0.158826605915155
"692","3283",0.110294523775082
"693","3290",0.0218169899866463
"694","3297",0.238933427987085
"695","3304",0.0779439562353385
"696","3305",0.402331652761906
"697","3307",0.0607304977992993
"698","3308",0.29709851238502
"699","3313",0.340084279734943
"700","3314",0.19193815856549
"701","3317",0.135079299345539
"702","3348",0.0603397918461614
"703","3350",0.326136679838618
"704","3359",0.0422948611211128
"705","3367",0.0773549803913111
"706","3376",0.077986495043398
"707","3378",0.353217558840095
"708","3384",0.869146328056553
"709","3386",0.142418385330662
"710","3387",0.105397648653238
"711","3388",0.106229424316991
"712","3390",0.0458246820474447
"713","3391",0.418283417124025
"714","3396",0.307077639524763
"715","3398",0.0353762345711559
"716","3404",0.0341525465102851
"717","3406",0.0297750309651943
"718","3407",0.0572169805500087
"719","3414",0.0390994761220224
"720","3419",0.147135850070752
"721","3423",0.581766599435957
"722","3427",0.0577557991012632
"723","3432",0.0347461730021001
"724","3434",0.0362103690897066
"725","3438",0.038411992125047
"726","3442",0.144250076489314
"727","3443",0.0648981467480845
"728","3448",0.0475031365494769
"729","3456",0.107710819102684
"730","3464",0.120468247393958
"731","3470",0.583695481937315
"732","3475",0.542904164490206
"733","3477",0.335775133944798
"734","3490",0.0681675663907462
"735","3493",0.364185543615686
"736","3502",0.398281099749627
"737","3508",0.0353811502675674
"738","3516",0.0853825895342384
"739","3517",0.25130494716712
"740","3525",0.22973730343257
"741","3532",0.684702019576427
"742","3535",0.424186108508145
"743","3536",0.702970449684731
"744","3540",0.104254129469081
"745","3547",0.362903398042724
"746","3550",0.419018443403551
"747","3557",0.618449148346335
"748","3562",0.166851673177715
"749","3563",0.0918008436690462
"750","3564",0.289368431781654
"751","3570",0.136886318416679
"752","3573",0.33295307978424
"753","3577",0.527933751650811
"754","3579",0.625756523386451
"755","3581",0.0499425252774045
"756","3587",0.281297612784227
"757","3602",0.356283274604761
"758","3609",0.322304703109563
"759","3612",0.157783636354673
"760","3621",0.368459431485743
"761","3642",0.188429703393135
"762","3647",0.829783698911006
"763","3649",0.4589649130525
"764","3654",0.454533078455288
"765","3660",0.515333498745997
"766","3665",0.683348093398314
"767","3669",0.376422894057725
"768","3673",0.169229689431416
"769","3675",0.277947930190985
"770","3678",0.0624659494242016
"771","3680",0.421681388154394
"772","3686",0.572723785111529
"773","3693",0.251528703027307
"774","3710",0.581657877134305
"775","3713",0.039426198423819
"776","3718",0.316697017403286
"777","3725",0.048987085546494
"778","3726",0.365519865986104
"779","3747",0.135273204673891
"780","3753",0.0236908650639496
"781","3754",0.26463630843025
"782","3760",0.789381517932842
"783","3763",0.0435880433783155
"784","3765",0.345444413644964
"785","3769",0.19131985569656
"786","3771",0.437803096988015
"787","3784",0.0691424524079456
"788","3787",0.143870659090631
"789","3794",0.286788762945281
"790","3796",0.0828532524847514
"791","3798",0.058277204761107
"792","3809",0.161528853756594
"793","3812",0.400550769328032
"794","3819",0.2587115613128
"795","3828",0.189187357531254
"796","3831",0.287875794512887
"797","3833",0.117117910773401
"798","3837",0.751782948018744
"799","3839",0.651209035275985
"800","3843",0.473598587018821
"801","3846",0.094787065741259
"802","3854",0.0473188139288509
"803","3861",0.0698614944824458
"804","3864",0.441897863857693
"805","3868",0.0479771347461604
"806","3869",0.101927849409703
"807","3870",0.171816162772766
"808","3883",0.207550618067599
"809","3886",0.0634121703759521
"810","3889",0.204523068266031
"811","3894",0.369698806877816
"812","3907",0.0443540057586818
"813","3910",0.0697339792300221
"814","3913",0.0339723581214065
"815","3914",0.266445317198381
"816","3921",0.314152637066757
"817","3923",0.0234344127590306
"818","3929",0.533936573916535
"819","3931",0.532698572085765
"820","3932",0.353028873259777
"821","3937",0.626865415152633
"822","3943",0.257567615726339
"823","3956",0.350189289865326
"824","3957",0.50031288957982
"825","3961",0.60436742901308
"826","3971",0.20452475401315
"827","4004",0.251043335675849
"828","4005",0.0524127668046684
"829","4006",0.0130511943235228
"830","4011",0.15483300477966
"831","4013",0.112853371087986
"832","4014",0.0679426207032452
"833","4016",0.429263928365557
"834","4017",0.0249847660921615
"835","4020",0.0485186877979633
"836","4022",0.146924430217679
"837","4026",0.217456906368373
"838","4032",0.155155626083983
"839","4043",0.0632343033587724
"840","4045",0.2189157775736
"841","4048",0.0840045762820603
"842","4051",0.0857194737456453
"843","4052",0.21813706331986
"844","4056",0.0465192792613649
"845","4059",0.0437858231887415
"846","4069",0.025917039878458
"847","4074",0.445013300214967
"848","4076",0.287612595325211
"849","4077",0.653746310337366
"850","4079",0.709130674481922
"851","4081",0.57142271537236
"852","4088",0.16971025609357
"853","4105",0.0938639981905613
"854","4125",0.212991460316945
"855","4134",0.567333904030141
"856","4139",0.00431944416150152
"857","4146",0.0563579598719803
"858","4149",0.114674983107455
"859","4151",0.796993745474182
"860","4155",0.174676604339399
"861","4157",0.129574895892547
"862","4168",0.582512860240511
"863","4170",0.206801965154818
"864","4174",0.0739932410337986
"865","4179",0.251760931376801
"866","4185",0.158782554650935
"867","4199",0.682761996711921
"868","4205",0.125149262222812
"869","4208",0.0260600614163357
"870","4211",0.63730535634093
"871","4212",0.0630508849600618
"872","4215",0.60919840620085
"873","4217",0.152901663590101
"874","4219",0.878245802939874
"875","4226",0.494584641006903
"876","4227",0.323236919645086
"877","4229",0.0464208833582832
"878","4231",0.125760605246225
"879","4233",0.0122480274212047
"880","4237",0.362569267903157
"881","4243",0.460072957618844
"882","4248",0.116191834638048
"883","4255",0.136359532788234
"884","4262",0.0528706770748448
"885","4266",0.60452993392901
"886","4268",0.342524570744586
"887","4270",0.72690157024224
"888","4273",0.0421984899406461
"889","4276",0.0815428853574478
"890","4277",0.156043228579797
"891","4279",0.278461144942632
"892","4299",0.146929044188638
"893","4313",0.0502141085454985
"894","4322",0.0310962619329334
"895","4324",0.0793076395177347
"896","4328",0.248620119482547
"897","4331",0.330431267235824
"898","4335",0.0334894477833631
"899","4337",0.409147483051618
"900","4338",0.360062443456222
"901","4343",0.0900098318658093
"902","4347",0.143669800170892
"903","4355",0.674112686547114
"904","4357",0.00570231609176831
"905","4359",0.0397701932148532
"906","4362",0.178011283794839
"907","4368",0.542072182795773
"908","4374",0.0935744457744303
"909","4375",0.421074556038878
"910","4378",0.469357641863823
"911","4381",0.678308132649535
"912","4387",0.10524282297133
"913","4400",0.0224974735685928
"914","4423",0.206426307876646
"915","4424",0.0375735520274802
"916","4428",0.489470855334828
"917","4433",0.687473311362151
"918","4436",0.528209875671812
"919","4437",0.199290169064414
"920","4439",0.341904765036445
"921","4449",0.164388721098661
"922","4456",0.107213282634204
"923","4463",0.170492905654205
"924","4467",0.100305567099596
"925","4468",0.0533501635218737
"926","4469",0.0390772012287046
"927","4472",0.175281330654398
"928","4473",0.0323123285947633
"929","4476",0.783220832024517
"930","4500",0.0250521611290563
"931","4509",0.238649742863409
"932","4513",0.913655454690762
"933","4521",0.026314607180895
"934","4527",0.461145301431297
"935","4530",0.302486277359257
"936","4532",0.447066222138647
"937","4533",0.125797419735121
"938","4535",0.279244325997327
"939","4536",0.404699278712058
"940","4542",0.348465119270105
"941","4551",0.686690119922944
"942","4554",0.0822495578613315
"943","4555",0.522343014941355
"944","4564",0.246787200585693
"945","4572",0.611539021808485
"946","4573",0.114023054944045
"947","4577",0.26831146017112
"948","4579",0.191724066073835
"949","4583",0.100622684932865
"950","4584",0.372261393863485
"951","4596",0.0555077205947645
"952","4599",0.22458846919687
"953","4607",0.301024162571412
"954","4609",0.52490505162955
"955","4610",0.0515636765370921
"956","4616",0.426198256562378
"957","4617",0.345163917978062
"958","4633",0.224130826291626
"959","4638",0.319389278669411
"960","4641",0.0427677089563221
"961","4653",0.505800175464926
"962","4655",0.28063032558379
"963","4659",0.404894068818613
"964","4669",0.0984228421800591
"965","4678",0.062665033380948
"966","4685",0.634933042654095
"967","4686",0.228137701815482
"968","4691",0.286114413964002
"969","4695",0.134723866196031
"970","4698",0.108652737304938
"971","4700",0.588015442918426
"972","4711",0.0725775923199899
"973","4722",0.0492093386843909
"974","4727",0.404273953681551
"975","4756",0.0145404252978392
"976","4762",0.312014615741503
"977","4763",0.335224572703931
"978","4766",0.071677074001606
"979","4770",0.114354239697566
"980","4784",0.375846781388791
"981","4791",0.104037555579681
"982","4795",0.0572638887308795
"983","4799",0.70936030944904
"984","4802",0.577576517917147
"985","4805",0.663986914118748
"986","4814",0.602110010766932
"987","4816",0.369539551859416
"988","4817",0.0692746777507748
"989","4822",0.322026659812211
"990","4827",0.506937009479061
"991","4833",0.13314933308703
"992","4836",0.0109313651933626
"993","4842",0.334502677198284
"994","4844",0.0835851956410703
"995","4845",0.411598772525693
"996","4849",0.292470389391698
"997","4850",0.30069839412624
"998","4860",0.0454351679067556
"999","4863",0.349936270268198
"1000","4871",0.114226763878704
"1001","4878",0.298928178739096
"1002","4881",0.581370981242898
"1003","4888",0.59876189361575
"1004","4900",0.142957473605489
"1005","4906",0.425589022607485
"1006","4909",0.0217333219717569
"1007","4916",0.141138199769053
"1008","4918",0.363053141246283
"1009","4926",0.383000994672139
"1010","4928",0.113117372004047
"1011","4941",0.446415371378626
"1012","4946",0.100986746685837
"1013","4949",0.0894566335210588
"1014","4956",0.0316040636721345
"1015","4966",0.0414065597484005
"1016","4969",0.456164796250596
"1017","4973",0.137160879187702
"1018","4978",0.478796915861705
"1019","4982",0.347356685717854
"1020","4985",0.0294562938982198
"1021","4991",0.143478804862018
"1022","4998",0.044827720885834
"1023","5000",0.549145596264358
"1024","5004",0.419266983138929
"1025","5005",0.57826327892505
"1026","5011",0.733415981996339
"1027","5016",0.482757203796336
"1028","5018",0.0492785708701947
"1029","5034",0.201037653762358
"1030","5038",0.0261391631883359
"1031","5042",0.0915872538014756
"1032","5046",0.0596415748224177
"1033","5051",0.211208591828598
"1034","5054",0.120603309458146
"1035","5057",0.220357399362923
"1036","5062",0.064773763907584
"1037","5063",0.0449198415669073
"1038","5065",0.0995461388412244
"1039","5066",0.107796372051194
"1040","5076",0.219787936732402
"1041","5089",0.193217748499498
"1042","5092",0.645722966746547
"1043","5093",0.587973832485766
"1044","5094",0.0287918305432159
"1045","5098",0.838184217576068
"1046","5102",0.0443598434745399
"1047","5112",0.29449769020083
"1048","5117",0.413810613464175
"1049","5127",0.605752428598757
"1050","5130",0.286067146196633
"1051","5131",0.492911587754905
"1052","5132",0.504609359917136
"1053","5135",0.776761712114417
"1054","5136",0.0309021673907965
"1055","5147",0.436249960285976
"1056","5157",0.08233153180174
"1057","5160",0.269545711848276
"1058","5165",0.0170977631483713
"1059","5166",0.652739230057197
"1060","5172",0.672521305115677
"1061","5173",0.229416189978356
"1062","5179",0.800673523938929
"1063","5184",0.460664073256905
"1064","5187",0.0410090386555086
"1065","5191",0.0753411428059265
"1066","5193",0.170684669500603
"1067","5194",0.13188409656232
"1068","5199",0.196287955870278
"1069","5212",0.0377339860234216
"1070","5213",0.527102935071443
"1071","5224",0.297384260344895
"1072","5226",0.117151375496762
"1073","5239",0.263412615831214
"1074","5252",0.745213477387071
"1075","5264",0.157701133877401
"1076","5266",0.0185693250505783
"1077","5271",0.0217539692992471
"1078","5273",0.0444104138445308
"1079","5276",0.688838350255243
"1080","5278",0.0435334827408463
"1081","5281",0.622622942860487
"1082","5283",0.590176495291178
"1083","5291",0.0678285913010813
"1084","5294",0.321514762663451
"1085","5296",0.563265468354477
"1086","5297",0.744700908605798
"1087","5313",0.0292265380196738
"1088","5314",0.251290560862564
"1089","5321",0.148782279620144
"1090","5325",0.012020080873696
"1091","5326",0.11865845198315
"1092","5328",0.0239574029034652
"1093","5334",0.178065014964223
"1094","5338",0.495514103348178
"1095","5344",0.161646213095611
"1096","5348",0.133636757788193
"1097","5352",0.225673845497728
"1098","5353",0.0779058962044851
"1099","5354",0.244112353304288
"1100","5361",0.881849021232516
"1101","5364",0.0177006325035291
"1102","5365",0.098069019065553
"1103","5367",0.407068162616144
"1104","5379",0.485158342166351
"1105","5382",0.39649716628198
"1106","5386",0.307693327114819
"1107","5395",0.0667426734641195
"1108","5410",0.227605199788569
"1109","5411",0.122482540259129
"1110","5416",0.484028586512096
"1111","5424",0.617890928457345
"1112","5426",0.199983265820835
"1113","5428",0.185172705786667
"1114","5430",0.226891281187532
"1115","5433",0.241561371081038
"1116","5437",0.00499234967833092
"1117","5440",0.270923028596114
"1118","5442",0.868890336602218
"1119","5445",0.469768091031429
"1120","5449",0.139713114612547
"1121","5452",0.495840343943473
"1122","5460",0.557363926480904
"1123","5461",0.0341193252317577
"1124","5465",0.0929272165675958
"1125","5467",0.103786250892163
"1126","5471",0.319629723877706
"1127","5474",0.598067641204338
"1128","5475",0.0376820848791106
"1129","5480",0.0352044661537354
"1130","5481",0.266152097477552
"1131","5484",0.0787036333842768
"1132","5494",0.0915365944420058
"1133","5495",0.709590512116176
"1134","5497",0.0597400080385474
"1135","5499",0.509064255024996
"1136","5507",0.0454135773207635
"1137","5510",0.121614905001803
"1138","5515",0.170906516134033
"1139","5516",0.0513891791086138
"1140","5517",0.249223483931722
"1141","5524",0.0763750108939436
"1142","5530",0.189882699768897
"1143","5534",0.302243855808329
"1144","5543",0.390666392303654
"1145","5545",0.57112027778415
"1146","5558",0.0847161208002263
"1147","5562",0.203716788190644
"1148","5573",0.745696769495895
"1149","5581",0.101834643645698
"1150","5583",0.47252283806005
"1151","5587",0.425234995600189
"1152","5589",0.816678662109586
"1153","5591",0.164252929765021
"1154","5596",0.272763080763768
"1155","5606",0.812572402448608
"1156","5608",0.250619333208948
"1157","5611",0.0451600357972879
"1158","5612",0.210033714697818
"1159","5614",0.259496930627431
"1160","5620",0.0239956924180778
"1161","5623",0.133977561753793
"1162","5624",0.0868582881130491
"1163","5626",0.201102702772349
"1164","5633",0.152500700024861
"1165","5635",0.0550773083516974
"1166","5640",0.388337376794296
"1167","5643",0.0824857978750089
"1168","5644",0.424766820774629
"1169","5653",0.350514817586919
"1170","5663",0.0279989485200904
"1171","5664",0.613878293771993
"1172","5667",0.439339244794796
"1173","5671",0.522825918666052
"1174","5673",0.613620923965956
"1175","5676",0.0579109955194437
"1176","5678",0.102078493973927
"1177","5698",0.272125536291267
"1178","5700",0.0229787121363475
"1179","5705",0.337814755234112
"1180","5706",0.795621422370485
"1181","5711",0.0571949039566042
"1182","5712",0.867694036000515
"1183","5716",0.186614308346154
"1184","5719",0.215053760148862
"1185","5725",0.877769652933437
"1186","5728",0.0665853328829154
"1187","5734",0.0558547239435382
"1188","5735",0.0515876082390432
"1189","5743",0.17731570132513
"1190","5754",0.203549124955041
"1191","5755",0.376508041151963
"1192","5756",0.0930787243866585
"1193","5766",0.0274303171300139
"1194","5770",0.610164683680481
"1195","5774",0.203696992735149
"1196","5775",0.0278018166013536
"1197","5776",0.168522206529022
"1198","5778",0.0372292097799733
"1199","5786",0.552346632378613
"1200","5787",0.328790515055684
"1201","5791",0.218088783591661
"1202","5794",0.246472112519023
"1203","5803",0.234092007370017
"1204","5804",0.24151531010245
"1205","5808",0.134804654205307
"1206","5810",0.0182437057302998
"1207","5813",0.603473558611499
"1208","5828",0.101368452737437
"1209","5839",0.328903990465424
"1210","5842",0.463119940492263
"1211","5843",0.0308545519097046
"1212","5844",0.217936947400893
"1213","5847",0.57127335019501
"1214","5851",0.0223734186769407
"1215","5854",0.0319721973859027
"1216","5857",0.0241174321667683
"1217","5866",0.491938168403814
"1218","5874",0.419919933530265
"1219","5886",0.0708837541979151
"1220","5895",0.0789835742889157
"1221","5897",0.0310638692489693
"1222","5898",0.300918030422269
"1223","5900",0.738290739628971
"1224","5902",0.346875472885783
"1225","5908",0.659436631457193
"1226","5909",0.0186793559889868
"1227","5912",0.0329007351855589
"1228","5913",0.0741758676096991
"1229","5917",0.346530727554866
"1230","5918",0.611815212122941
"1231","5921",0.117923790951373
"1232","5931",0.353079213811178
"1233","5942",0.366645398626742
"1234","5943",0.729342142773512
"1235","5950",0.0233898430046798
"1236","5954",0.00816261671162858
"1237","5983",0.0203713799904257
"1238","5995",0.731145605778848
"1239","6002",0.0903673594240636
"1240","6005",0.0352861083547832
"1241","6009",0.324353010681959
"1242","6011",0.00579340301934843
"1243","6012",0.0187620243493704
"1244","6019",0.260380652997946
"1245","6021",0.174531656270209
"1246","6029",0.733605892635058
"1247","6036",0.427979119989449
"1248","6037",0.00768483386264183
"1249","6038",0.043274364770663
"1250","6043",0.057701706244336
"1251","6045",0.143664683433367
"1252","6047",0.748457244840438
"1253","6048",0.0288036169935534
"1254","6061",0.26800185123776
"1255","6063",0.20126879175451
"1256","6064",0.0940407699000156
"1257","6068",0.788168479822555
"1258","6069",0.0507314863620875
"1259","6070",0.471511717614651
"1260","6071",0.188665115304313
"1261","6074",0.194147871865244
"1262","6079",0.29697424163217
"1263","6082",0.0260210796911473
"1264","6088",0.80921586982562
"1265","6094",0.0762296146941356
"1266","6095",0.301132118691533
"1267","6098",0.394641575696446
"1268","6102",0.021660808352677
"1269","6105",0.423839761418156
"1270","6113",0.103425802873234
"1271","6116",0.322742982306376
"1272","6120",0.269844414126034
"1273","6121",0.384118770888828
"1274","6126",0.270112348427426
"1275","6144",0.0939409177842819
"1276","6145",0.0389471669375601
"1277","6153",0.322812033477094
"1278","6156",0.158171472458382
"1279","6159",0.247158595430416
"1280","6162",0.0644926953024643
"1281","6184",0.630736866562592
"1282","6188",0.294889119331804
"1283","6189",0.355079206569213
"1284","6191",0.457060578671925
"1285","6211",0.557692561177382
"1286","6216",0.206474326545641
"1287","6218",0.636527959204838
"1288","6222",0.24197527056787
"1289","6235",0.209522473144964
"1290","6245",0.18196670497765
"1291","6248",0.69063138496434
"1292","6253",0.28978503817123
"1293","6256",0.00603939266552902
"1294","6257",0.454647653557559
"1295","6259",0.37334747185606
"1296","6266",0.0887283748480307
"1297","6268",0.315030309409831
"1298","6275",0.160166330608602
"1299","6280",0.610404806713749
"1300","6283",0.403674909522059
"1301","6288",0.071035222523215
"1302","6289",0.0732775046981487
"1303","6301",0.064551758056272
"1304","6308",0.162417248499099
"1305","6314",0.024624256500713
"1306","6315",0.0880807270520697
"1307","6316",0.566519670418929
"1308","6317",0.460153956961157
"1309","6318",0.0489608977781881
"1310","6323",0.715838247287697
"1311","6329",0.503811342356874
"1312","6336",0.188794922141943
"1313","6341",0.863960363776311
"1314","6348",0.197355541959588
"1315","6349",0.0444031502399713
"1316","6365",0.0311172970445316
"1317","6372",0.25253195964577
"1318","6376",0.0368953982762866
"1319","6378",0.0630716090926501
"1320","6379",0.81201198161417
"1321","6382",0.130502508217843
"1322","6383",0.477382949189174
"1323","6389",0.786592489827982
"1324","6390",0.0293662988317809
"1325","6392",0.0387195735050404
"1326","6394",0.537113370284218
"1327","6402",0.104479402411124
"1328","6404",0.393381777450501
"1329","6405",0.025760674573502
"1330","6406",0.207558749071957
"1331","6409",0.0952877281243335
"1332","6410",0.104946469852865
"1333","6411",0.0697836873099549
"1334","6421",0.0828679618407265
"1335","6428",0.311034819599995
"1336","6429",0.264670300078468
"1337","6432",0.15891902208524
"1338","6436",0.0270052718904939
"1339","6437",0.375701785318273
"1340","6438",0.226863541944529
"1341","6445",0.104558102346231
"1342","6447",0.537116448131392
"1343","6450",0.0318146795716047
"1344","6462",0.152147535726327
"1345","6467",0.681629133014027
"1346","6478",0.0357288140641844
"1347","6484",0.210476389172636
"1348","6492",0.446041380479527
"1349","6497",0.0302651009664919
"1350","6504",0.250821568633277
"1351","6505",0.164680536172062
"1352","6513",0.534859777311206
"1353","6525",0.215439193491895
"1354","6526",0.270231480706402
"1355","6528",0.0339406323096948
"1356","6540",0.0083044075502719
"1357","6542",0.127495599773634
"1358","6544",0.423672022822071
"1359","6548",0.0796621870845973
"1360","6552",0.220751533745652
"1361","6558",0.0092960520656552
"1362","6567",0.0348684440134284
"1363","6569",0.613969918871534
"1364","6572",0.130445699271613
"1365","6577",0.0601554768543763
"1366","6581",0.199378102948298
"1367","6588",0.573325389020829
"1368","6591",0.757646806051344
"1369","6594",0.277368946736275
"1370","6600",0.548392473898274
"1371","6602",0.203623173853251
"1372","6604",0.0694645872853002
"1373","6605",0.0232456123235166
"1374","6614",0.281603385236944
"1375","6616",0.217279998032375
"1376","6621",0.41164718503707
"1377","6640",0.395018647047131
"1378","6641",0.322922552016731
"1379","6643",0.037494482523012
"1380","6644",0.165491509617051
"1381","6649",0.500480239339409
"1382","6650",0.688615456847585
"1383","6655",0.410704685663958
"1384","6661",0.0263537838119145
"1385","6672",0.279931549375342
"1386","6677",0.0400073473072331
"1387","6688",0.0742729725758412
"1388","6689",0.0799533314164508
"1389","6691",0.0486835778797868
"1390","6692",0.412238531465758
"1391","6694",0.806925539996317
"1392","6702",0.563055210410503
"1393","6714",0.0498876647673867
"1394","6716",0.500492842289348
"1395","6724",0.0800498289162185
"1396","6725",0.124261858972192
"1397","6730",0.143833192457831
"1398","6735",0.509784776623224
"1399","6738",0.370523767985178
"1400","6739",0.194344048706127
"1401","6743",0.284925158348215
"1402","6747",0.163612012219562
"1403","6750",0.735784457497986
"1404","6751",0.677685579008056
"1405","6753",0.35177896957818
"1406","6754",0.254771181583018
"1407","6755",0.0817994856864456
"1408","6762",0.16417571084601
"1409","6764",0.0565749917248926
"1410","6772",0.696381319728953
"1411","6774",0.0534616635106732
"1412","6787",0.213677913677881
"1413","6789",0.0348542819806878
"1414","6793",0.111124920249164
"1415","6798",0.0138603958698027
"1416","6799",0.0287585530534834
"1417","6800",0.121672129990312
"1418","6802",0.0313382260806641
"1419","6808",0.323048555326589
"1420","6809",0.0647974267719202
"1421","6812",0.0120749901812919
"1422","6814",0.88961102687673
"1423","6816",0.49247272944745
"1424","6822",0.0755214574929167
"1425","6829",0.409135991440803
"1426","6834",0.865748832141212
"1427","6836",0.0291563572474058
"1428","6839",0.177026227108776
"1429","6840",0.561455737925217
"1430","6843",0.0683487523355219
"1431","6846",0.381208166658016
"1432","6848",0.0169022642131708
"1433","6852",0.0618735413435452
"1434","6856",0.219441793905657
"1435","6860",0.120456291481657
"1436","6866",0.423425935148173
"1437","6870",0.448492123562871
"1438","6878",0.570148666692191
"1439","6880",0.0851621797775409
"1440","6885",0.0397439418451768
"1441","6897",0.0789214671534689
"1442","6902",0.754396875206076
"1443","6904",0.451908971320479
"1444","6907",0.0788934945131613
"1445","6909",0.174551396366034
"1446","6914",0.64655463482546
"1447","6915",0.469330178336967
"1448","6922",0.319535908034058
"1449","6924",0.190640759502107
"1450","6933",0.101842638336981
"1451","6934",0.0926120554642934
"1452","6941",0.309375043288079
"1453","6957",0.202057912989172
"1454","6960",0.0594088094937621
"1455","6969",0.032263517380834
"1456","6975",0.0871786900743637
"1457","6980",0.757668841944007
"1458","6983",0.0450521712610518
"1459","6987",0.0675238723619536
"1460","6994",0.067401604792898
"1461","6997",0.00846205078161726
"1462","7002",0.147252911113889
"1463","7010",0.0220002974774086
"1464","7015",0.393004351063182
"1465","7019",0.14228480717456
"1466","7022",0.370667964052799
"1467","7025",0.0388987296551784
"1468","7029",0.0669452009134251
"1469","7031",0.170081402557895
"1470","7037",0.403289209677056
"1471","7038",0.139120115132692
"1472","7043",0.102536660387768
"1473","7049",0.0518369468523757
"1474","7052",0.233014263600925
"1475","7053",0.304502266079619
"1476","7056",0.00675291156698079
"1477","7057",0.586355578229268
"1478","7080",0.198748618213771
"1479","7086",0.119145370063472
"1480","7087",0.0623656653221781
"1481","7105",0.412973970675823
"1482","7108",0.00890050143079901
"1483","7121",0.491025985805622
"1484","7122",0.227189677190106
"1485","7125",0.441271462789382
"1486","7132",0.288472911722317
"1487","7134",0.179359936677336
"1488","7151",0.287568514215372
"1489","7152",0.74157424510048
"1490","7157",0.199480323559219
"1491","7159",0.142462664185105
"1492","7166",0.856432801456479
"1493","7167",0.105174501466308
"1494","7177",0.0456726908355402
"1495","7179",0.718559197581796
"1496","7181",0.197681841189597
"1497","7183",0.124055574461054
"1498","7186",0.0297230737718958
"1499","7193",0.0180478413579146
"1500","7205",0.0485400468343486
"1501","7207",0.0236141464160915
"1502","7209",0.43551318791527
"1503","7216",0.244682662444425
"1504","7232",0.819389413696032
"1505","7235",0.176193847755542
"1506","7238",0.299254771802041
"1507","7240",0.590860644653211
"1508","7243",0.326950506033401
"1509","7252",0.228918380778643
"1510","7269",0.213457763058592
"1511","7275",0.0412997296162679
"1512","7281",0.148084573506226
"1513","7283",0.0533565276579856
"1514","7287",0.243756415489376
"1515","7289",0.359398975326192
"1516","7291",0.445018456373907
"1517","7294",0.0359070152039242
"1518","7304",0.520026973216949
"1519","7308",0.300404368182079
"1520","7313",0.0592846084361993
"1521","7319",0.443258188340335
"1522","7325",0.0633132437893508
"1523","7326",0.10615433990188
"1524","7330",0.346359251737897
"1525","7332",0.0158359679141506
"1526","7337",0.341319296006857
"1527","7341",0.214406578948335
"1528","7346",0.336256996204702
"1529","7353",0.636026909899084
"1530","7354",0.699403633768392
"1531","7361",0.333846142627939
"1532","7366",0.498006000351903
"1533","7368",0.0413840735713956
"1534","7372",0.0406522295627801
"1535","7375",0.426213081877581
"1536","7377",0.435166990933202
"1537","7380",0.134080715073064
"1538","7382",0.443415357764985
"1539","7385",0.726813693270816
"1540","7392",0.754051146091505
"1541","7395",0.0457504582445679
"1542","7397",0.312870027255019
"1543","7403",0.0489570733235652
"1544","7406",0.47173848740063
"1545","7409",0.617627826666475
"1546","7410",0.221680612470851
"1547","7412",0.065420017956842
"1548","7419",0.308829399224449
"1549","7425",0.130902908982327
"1550","7435",0.151637466234124
"1551","7438",0.307516957601781
"1552","7440",0.126835522945874
"1553","7447",0.109143659018819
"1554","7449",0.649738273091237
"1555","7456",0.226285411211306
"1556","7464",0.0963915482167619
"1557","7478",0.170578601481664
"1558","7480",0.0504056392134114
"1559","7481",0.404235353572532
"1560","7483",0.242769626908304
"1561","7484",0.132466056170032
"1562","7491",0.568262091996118
"1563","7494",0.397901962908574
"1564","7501",0.489506949000134
"1565","7503",0.861496010143592
"1566","7509",0.155102395742354
"1567","7517",0.131674027597913
"1568","7518",0.200118822500064
"1569","7519",0.17876924168137
"1570","7521",0.463806802515713
"1571","7522",0.671800767369397
"1572","7536",0.0852529943874776
"1573","7539",0.0292959039201968
"1574","7547",0.407922234619009
"1575","7549",0.0442892596024971
"1576","7552",0.43414920031614
"1577","7554",0.263789511818745
"1578","7556",0.0203198089139077
"1579","7564",0.121520671215281
"1580","7566",0.265060560024676
"1581","7570",0.28758779025565
"1582","7571",0.0220346951905352
"1583","7572",0.227684077439704
"1584","7575",0.0779528107433658
"1585","7586",0.0953216016927544
"1586","7589",0.0403872184854915
"1587","7590",0.0397427537982076
"1588","7597",0.355001466582355
"1589","7602",0.0179686935956194
"1590","7604",0.351758381159492
"1591","7605",0.388554898124962
"1592","7612",0.79785090097831
"1593","7615",0.0791245879758917
"1594","7617",0.112958868165912
"1595","7624",0.128187512503717
"1596","7632",0.125509356108537
"1597","7639",0.348525568354582
"1598","7642",0.304179260388133
"1599","7643",0.177123702555979
"1600","7649",0.426003658644962
"1601","7650",0.49126691203024
"1602","7653",0.301249997315004
"1603","7654",0.273096770664341
"1604","7657",0.575837074581053
"1605","7662",0.217191302359686
"1606","7669",0.779796430613949
"1607","7671",0.0196849353547149
"1608","7675",0.0579929980236453
"1609","7678",0.150105038482811
"1610","7682",0.807432282124123
"1611","7688",0.460820098004073
"1612","7689",0.122794872163368
"1613","7690",0.120014260158856
"1614","7692",0.406597869686588
"1615","7699",0.352615300041119
"1616","7705",0.704482028891577
"1617","7712",0.129672324533285
"1618","7726",0.603261080215792
"1619","7728",0.189529918462045
"1620","7735",0.354032022324071
"1621","7737",0.693482499330677
"1622","7739",0.0590572835873722
"1623","7743",0.589092579707459
"1624","7744",0.222557965075944
"1625","7746",0.201443385662826
"1626","7749",0.225423484481947
"1627","7750",0.344473618107599
"1628","7752",0.0593566217535566
"1629","7755",0.141440888595527
"1630","7756",0.852900938479657
"1631","7762",0.114675022112606
"1632","7764",0.74867211459912
"1633","7769",0.106390059152021
"1634","7770",0.401789383718258
"1635","7776",0.147958424648355
"1636","7778",0.258925516628787
"1637","7784",0.49336244535508
"1638","7786",0.28893929800429
"1639","7789",0.186848965546656
"1640","7793",0.353676529281323
"1641","7794",0.0589173573706006
"1642","7804",0.266850246112067
"1643","7811",0.17683950910028
"1644","7813",0.154611183593701
"1645","7815",0.347489073758791
"1646","7817",0.0151337857399803
"1647","7818",0.212701762031284
"1648","7821",0.147520021780807
"1649","7825",0.0457991484868301
"1650","7830",0.626715141777699
"1651","7832",0.194853677687536
"1652","7835",0.0129319516979165
"1653","7839",0.173366045723893
"1654","7842",0.0303848923657023
"1655","7849",0.638246892819445
"1656","7856",0.395837057239254
"1657","7857",0.00406501268862933
"1658","7863",0.0597703135746606
"1659","7866",0.168728376587478
"1660","7871",0.0907376333551407
"1661","7875",0.540904088231951
"1662","7882",0.633689571643902
"1663","7887",0.663275395534036
"1664","7888",0.655673754647118
"1665","7891",0.892792472997525
"1666","7895",0.0107387762858309
"1667","7901",0.304212779923459
"1668","7906",0.300344295433299
"1669","7908",0.850454734945675
"1670","7917",0.12555733780077
"1671","7924",0.595033045080222
"1672","7948",0.437217885032127
"1673","7950",0.673852153204858
"1674","7955",0.13549761887265
"1675","7957",0.0469707064679987
"1676","7959",0.261537725636706
"1677","7967",0.0482435820649106
"1678","7969",0.0621520662427159
"1679","7971",0.135170763602364
"1680","7974",0.225828298185871
"1681","7976",0.0794960599552261
"1682","7986",0.796411014616383
"1683","7987",0.625031985410081
"1684","7993",0.2149868276786
"1685","7996",0.435340748353746
"1686","7998",0.199216017699946
"1687","8018",0.0451641715245306
"1688","8019",0.41452920355583
"1689","8027",0.0215616886980581
"1690","8036",0.060129371242412
"1691","8040",0.0581022374479634
"1692","8044",0.115538105037907
"1693","8050",0.0505459129114221
"1694","8052",0.420732567147912
"1695","8054",0.337791689265663
"1696","8057",0.728851824713907
"1697","8058",0.151899223260508
"1698","8059",0.529817317405358
"1699","8066",0.895898401425576
"1700","8070",0.0408182719228905
"1701","8072",0.487517691604714
"1702","8078",0.0259168508066276
"1703","8079",0.0933255964084556
"1704","8080",0.432625782522827
"1705","8081",0.167038050388299
"1706","8088",0.12836304990277
"1707","8091",0.619435292179345
"1708","8094",0.187260067102774
"1709","8095",0.706397611854089
"1710","8099",0.0775025000125246
"1711","8101",0.264569992529977
"1712","8102",0.0118992713446278
"1713","8116",0.446092023322399
"1714","8125",0.174781066302745
"1715","8134",0.38966005661107
"1716","8139",0.0345540825102736
"1717","8141",0.0785475918702594
"1718","8147",0.0388826153340843
"1719","8158",0.316126956679225
"1720","8160",0.0657841126188255
"1721","8165",0.414723262541844
"1722","8187",0.320896523108479
"1723","8205",0.252509015202243
"1724","8209",0.291680124119717
"1725","8211",0.384224308600587
"1726","8232",0.00405395034748734
"1727","8236",0.128007839905634
"1728","8237",0.241334434129978
"1729","8238",0.768713382961392
"1730","8245",0.369580640548713
"1731","8256",0.400319267532005
"1732","8268",0.0564072736596146
"1733","8269",0.0307132730469626
"1734","8270",0.322166054674385
"1735","8286",0.124407066658922
"1736","8289",0.0527458796930735
"1737","8301",0.465819507633651
"1738","8305",0.114780511766826
"1739","8310",0.210598279656306
"1740","8312",0.040434483328314
"1741","8318",0.907757541832066
"1742","8321",0.192849911056528
"1743","8328",0.0479035229384313
"1744","8331",0.0361119513479342
"1745","8334",0.364506022594118
"1746","8344",0.16727986266655
"1747","8345",0.21890555023294
"1748","8352",0.256317545681803
"1749","8358",0.558231942148678
"1750","8359",0.277360193889912
"1751","8360",0.193273618398307
"1752","8365",0.233291210298529
"1753","8366",0.156655062445808
"1754","8369",0.581267169844344
"1755","8373",0.033681950633483
"1756","8378",0.158121405010346
"1757","8392",0.130367301146284
"1758","8397",0.570626054608701
"1759","8399",0.171960152432736
"1760","8400",0.105473117600765
"1761","8405",0.664458121090503
"1762","8406",0.0425794736026157
"1763","8410",0.114958987567473
"1764","8413",0.0659756207334978
"1765","8414",0.387840420748487
"1766","8416",0.713036080599455
"1767","8426",0.0469481556809038
"1768","8434",0.163364943678816
"1769","8439",0.0963993842846303
"1770","8440",0.132722147348479
"1771","8475",0.0203086840545815
"1772","8480",0.105694921838847
"1773","8497",0.182223594524118
"1774","8499",0.815516729456956
"1775","8500",0.372433744772569
"1776","8501",0.0408297175271808
"1777","8502",0.487537371478585
"1778","8518",0.324522501615724
"1779","8520",0.536162206870663
"1780","8523",0.286880133241975
"1781","8525",0.135795183478332
"1782","8532",0.109330115420261
"1783","8535",0.29626668820648
"1784","8543",0.35171289275019
"1785","8554",0.215747037983614
"1786","8560",0.0741764885493865
"1787","8561",0.272556424234985
"1788","8563",0.0199881171723611
"1789","8566",0.834645355927489
"1790","8570",0.357944702442194
"1791","8572",0.0715158177786775
"1792","8582",0.183013824202269
"1793","8583",0.241804483024172
"1794","8587",0.237678681264387
"1795","8592",0.258831021383185
"1796","8593",0.439661456839408
"1797","8607",0.0181457243695814
"1798","8609",0.173092619581986
"1799","8610",0.0595943508540333
"1800","8614",0.403356793364854
"1801","8616",0.425551657930066
"1802","8622",0.15193046508918
"1803","8623",0.112010449141581
"1804","8624",0.214749349087388
"1805","8633",0.195531490470018
"1806","8641",0.381675392642706
"1807","8644",0.67843803158497
"1808","8649",0.634872133656852
"1809","8653",0.206188502084878
"1810","8657",0.16837998956749
"1811","8658",0.16530888827415
"1812","8663",0.100100467383032
"1813","8672",0.583526006542147
"1814","8680",0.353617326837915
"1815","8684",0.560092527008419
"1816","8687",0.0889491431022701
"1817","8688",0.0479387311971785
"1818","8690",0.15987879677153
"1819","8712",0.222768813464776
"1820","8717",0.285897671221437
"1821","8730",0.0391255669114965
"1822","8739",0.113870022254983
"1823","8744",0.0274454418062241
"1824","8747",0.303852316114427
"1825","8748",0.333268320110875
"1826","8751",0.700259938845599
"1827","8758",0.198216014336081
"1828","8761",0.422378199368359
"1829","8763",0.00850105779291855
"1830","8764",0.31039271510505
"1831","8765",0.189400038877336
"1832","8773",0.0668229682495568
"1833","8780",0.141975778174632
"1834","8781",0.0905222621222031
"1835","8782",0.462238949122401
"1836","8785",0.138892846854241
"1837","8786",0.0842181057057719
"1838","8797",0.841885811383198
"1839","8799",0.0567977794737913
"1840","8807",0.736531032736864
"1841","8816",0.0611459979811459
"1842","8817",0.0568180425203386
"1843","8826",0.279447275671981
"1844","8833",0.166196370157462
"1845","8834",0.0508224673994468
"1846","8835",0.0758838996927612
"1847","8840",0.112380951768102
"1848","8843",0.121297444367788
"1849","8849",0.328282445112632
"1850","8855",0.12719250176648
"1851","8861",0.313693177529954
"1852","8862",0.201101447523119
"1853","8865",0.272467815012996
"1854","8868",0.00384075534492821
"1855","8870",0.0151372876633194
"1856","8880",0.301167858006037
"1857","8885",0.0573258068401094
"1858","8894",0.200319340964205
"1859","8895",0.119442152551509
"1860","8899",0.0247147303666918
"1861","8912",0.275422208609228
"1862","8922",0.0176131805073851
"1863","8924",0.114844007642579
"1864","8928",0.280853958327711
"1865","8932",0.349909293352715
"1866","8943",0.164157712066867
"1867","8945",0.0686629060475036
"1868","8946",0.0493615133997644
"1869","8954",0.333961680021173
"1870","8958",0.364548483263057
"1871","8960",0.574547918890278
"1872","8965",0.282644890277002
"1873","8966",0.0394284653878519
"1874","8967",0.0335048229095935
"1875","8969",0.280571697957853
"1876","8980",0.167591426582439
"1877","8984",0.0309445136006423
"1878","8985",0.766145194419376
"1879","8988",0.363591911717298
"1880","8989",0.467980710123305
"1881","8995",0.12407162264969
"1882","9004",0.0843082581077628
"1883","9010",0.052676426017783
"1884","9012",0.170729882092627
"1885","9018",0.404318429362116
"1886","9036",0.287928955892978
"1887","9037",0.154843641283492
"1888","9040",0.0695612448966787
"1889","9041",0.25419570989584
"1890","9044",0.421805455235767
"1891","9045",0.0622491649463399
"1892","9047",0.285390915737632
"1893","9049",0.0274595342651005
"1894","9061",0.0188945209248735
"1895","9062",0.321135735202673
"1896","9076",0.185081797029343
"1897","9079",0.226989817553931
"1898","9081",0.257832041355743
"1899","9082",0.121757235830871
"1900","9089",0.611927685716656
"1901","9092",0.268160106237158
"1902","9094",0.33236232731088
"1903","9115",0.0397472130758836
"1904","9117",0.253769502146739
"1905","9118",0.171365165291586
"1906","9120",0.0309310622643194
"1907","9124",0.0183791258775036
"1908","9128",0.245329761902745
"1909","9135",0.436846814704581
"1910","9136",0.796600194368448
"1911","9138",0.381191322236397
"1912","9157",0.405958746710452
"1913","9176",0.0687865216599363
"1914","9183",0.228038812111166
"1915","9187",0.472435518411071
"1916","9188",0.344373494667545
"1917","9190",0.155744765885476
"1918","9197",0.0369770408404421
"1919","9200",0.0262343527364066
"1920","9201",0.180432790477895
"1921","9203",0.0276150409244678
"1922","9212",0.412698044503268
"1923","9213",0.0981555970264583
"1924","9214",0.138887316081677
"1925","9217",0.2645508874299
"1926","9219",0.00606382144428637
"1927","9220",0.119538520125495
"1928","9221",0.136129118820538
"1929","9237",0.014697399720945
"1930","9240",0.126952052620237
"1931","9241",0.00853044091141858
"1932","9248",0.21898032753936
"1933","9253",0.468959102167345
"1934","9259",0.635830062670452
"1935","9267",0.119948396682217
"1936","9271",0.378950994349877
"1937","9273",0.295750346822569
"1938","9285",0.0254466638246839
"1939","9290",0.125828450536511
"1940","9291",0.112684863731822
"1941","9293",0.0682610781057706
"1942","9294",0.0584625744272624
"1943","9301",0.0899390863136401
"1944","9302",0.0505273454510772
"1945","9312",0.0151400205797921
"1946","9316",0.3406476014611
"1947","9319",0.659642501049713
"1948","9328",0.0614832427329828
"1949","9331",0.838153009188116
"1950","9338",0.052131773834984
"1951","9350",0.3063553931018
"1952","9356",0.133271417595123
"1953","9359",0.513677447323028
"1954","9362",0.398071019687517
"1955","9364",0.173549578105168
"1956","9370",0.359284660134986
"1957","9380",0.0994798386474782
"1958","9386",0.121568262987513
"1959","9394",0.24234486220109
"1960","9407",0.356866766617515
"1961","9411",0.728755584389238
"1962","9422",0.416141659241211
"1963","9423",0.3577034086842
"1964","9429",0.340956317152591
"1965","9433",0.194569025224314
"1966","9439",0.0290271841360942
"1967","9451",0.175207211130591
"1968","9452",0.435235909398488
"1969","9453",0.0203840140574558
"1970","9460",0.0204434980421219
"1971","9465",0.0420249020960834
"1972","9470",0.0504866960526743
"1973","9476",0.44329680375934
"1974","9485",0.662138776872655
"1975","9486",0.0821419636711472
"1976","9488",0.361228762601684
"1977","9507",0.00995167508962441
"1978","9508",0.395174648294824
"1979","9517",0.344271806471757
"1980","9521",0.171672812034365
"1981","9528",0.137382795323684
"1982","9532",0.504088535669784
"1983","9536",0.145848672527094
"1984","9540",0.107671931971909
"1985","9542",0.138458604714099
"1986","9546",0.270180538708602
"1987","9548",0.217857797905916
"1988","9549",0.118351816342785
"1989","9554",0.0741697375737878
"1990","9555",0.544655724159764
"1991","9558",0.0179122316230734
"1992","9573",0.7605040295738
"1993","9575",0.664031773687248
"1994","9584",0.421336985767302
"1995","9586",0.1350904420122
"1996","9588",0.112682832533492
"1997","9591",0.342425987476851
"1998","9592",0.726820867719985
"1999","9597",0.486796861858413
"2000","9600",0.0911977403725186
"2001","9603",0.568891063467289
"2002","9605",0.490470776994414
"2003","9614",0.70991394503067
"2004","9616",0.00907181825933915
"2005","9622",0.73217862597244
"2006","9624",0.169247663186288
"2007","9629",0.386532758586534
"2008","9633",0.0501519663717763
"2009","9640",0.267052124618522
"2010","9644",0.390539429885605
"2011","9645",0.560092254775283
"2012","9646",0.0820465229655271
"2013","9648",0.948770205127001
"2014","9649",0.0452253441088328
"2015","9660",0.199272753247231
"2016","9664",0.384835633387949
"2017","9675",0.063079826939296
"2018","9679",0.716082826038471
"2019","9680",0.517388642910915
"2020","9682",0.0576552299072704
"2021","9697",0.023807355235745
"2022","9701",0.210243458054192
"2023","9704",0.388273435792739
"2024","9705",0.181024239035851
"2025","9707",0.267307863610256
"2026","9714",0.0481737931192138
"2027","9718",0.139632636679234
"2028","9722",0.12774314213703
"2029","9739",0.154371117060772
"2030","9747",0.717616012407236
"2031","9751",0.194832500203083
"2032","9757",0.15290651298837
"2033","9759",0.025598608171639
"2034","9760",0.079812104419654
"2035","9764",0.586008150769983
"2036","9776",0.398639245897433
"2037","9778",0.176270029022784
"2038","9786",0.0717845487181151
"2039","9803",0.592220722445288
"2040","9804",0.0780921894645665
"2041","9815",0.080247317136084
"2042","9824",0.0184030500449118
"2043","9825",0.0946586642290042
"2044","9826",0.298657384080539
"2045","9827",0.0228490616563136
"2046","9833",0.0618622862032318
"2047","9835",0.0683141067351509
"2048","9860",0.476842601381913
"2049","9865",0.270670072561821
"2050","9871",0.243998141957954
"2051","9874",0.307845173382909
"2052","9880",0.277103523272738
"2053","9882",0.346634922235354
"2054","9885",0.0471490761198325
"2055","9888",0.573213787672673
"2056","9892",0.0431532740694225
"2057","9893",0.289381316287674
"2058","9896",0.243702736780755
"2059","9902",0.0623992416769863
"2060","9906",0.0978445601859393
"2061","9910",0.265417241020774
"2062","9914",0.289342857554333
"2063","9918",0.509914849623711
"2064","9920",0.218130725703935
"2065","9926",0.258520403161663
"2066","9931",0.0680399249373593
"2067","9935",0.387009165002491
"2068","9945",0.889989356834061
"2069","9953",0.259248593840054
"2070","9957",0.0106542640129436
"2071","9963",0.13274265763707
"2072","9972",0.333753060500009
"2073","9976",0.439739953511203
"2074","9979",0.419390719393389
"2075","9980",0.0241264902355807
"2076","9982",0.103808995072477
"2077","9991",0.756216411457165
"2078","10000",0.273300121444761
"2079","10003",0.274717526285038
"2080","10005",0.908024587998833
"2081","10014",0.028454499938334
"2082","10032",0.337099358354039
"2083","10034",0.271507175779446
"2084","10041",0.0164487631475116
"2085","10042",0.0380547761128304
"2086","10044",0.0659343095799288
"2087","10045",0.237683819079815
"2088","10054",0.589889188386877
"2089","10061",0.0823101668463674
"2090","10062",0.536981340774158
"2091","10073",0.163646755028766
"2092","10081",0.0406698532881732
"2093","10084",0.427095803912008
"2094","10086",0.17939143997371
"2095","10093",0.415074020836174
"2096","10101",0.720501191878755
"2097","10105",0.229453962591715
"2098","10110",0.408616983396026
"2099","10113",0.645376859543282
"2100","10115",0.600521397352026
"2101","10119",0.617777256161095
"2102","10121",0.460787994407061
"2103","10124",0.878160380799335
"2104","10126",0.155010621280908
"2105","10127",0.0242590607971955
"2106","10145",0.155795508406402
"2107","10147",0.64558043141953
"2108","10148",0.00997723656719994
"2109","10162",0.30946575959646
"2110","10163",0.0255372762308193
"2111","10166",0.781122327167345
"2112","10172",0.0758641247832456
"2113","10173",0.43111828607849
"2114","10175",0.0145187422184136
"2115","10180",0.107795663343699
"2116","10186",0.0320156204717176
"2117","10192",0.477256859056996
"2118","10199",0.300573224060225
"2119","10209",0.93483535091003
"2120","10210",0.21663648855444
"2121","10214",0.0632994998268138
"2122","10215",0.237433271713611
"2123","10216",0.718311453754141
"2124","10232",0.293278478352915
"2125","10239",0.289082618336202
"2126","10249",0.0389003434528125
"2127","10253",0.392974988629056
"2128","10255",0.126157130237095
"2129","10262",0.0537102966102419
"2130","10264",0.0359044881927308
"2131","10266",0.148595182911423
"2132","10268",0.23560381458306
"2133","10271",0.102230615536254
"2134","10272",0.337222273142137
"2135","10276",0.269518233346578
"2136","10277",0.0211292414260069
"2137","10279",0.429944347679139
"2138","10281",0.0193684736372995
"2139","10285",0.010040948035885
"2140","10294",0.26115924907653
"2141","10300",0.152370015229253
